지점,지점명,날짜,강수량(mm)
108,서울(서울경기),2020-06-24,37.6
108,서울(서울경기),2020-06-25,13.3
108,서울(서울경기),2020-06-26,2.1
108,서울(서울경기),2020-06-27,0.0
108,서울(서울경기),2020-06-29,11.9
108,서울(서울경기),2020-06-30,64.7
108,서울(서울경기),2020-07-01,0.0
108,서울(서울경기),2020-07-03,0.1
108,서울(서울경기),2020-07-04,1.6
108,서울(서울경기),2020-07-07,0.0
108,서울(서울경기),2020-07-10,2.2
108,서울(서울경기),2020-07-12,2.9
108,서울(서울경기),2020-07-13,47.6
108,서울(서울경기),2020-07-14,11.5
108,서울(서울경기),2020-07-17,0.0
108,서울(서울경기),2020-07-19,29.1
108,서울(서울경기),2020-07-20,3.6
108,서울(서울경기),2020-07-21,0.0
108,서울(서울경기),2020-07-22,11.5
108,서울(서울경기),2020-07-23,103.1
108,서울(서울경기),2020-07-24,2.9
108,서울(서울경기),2020-07-25,0.0
108,서울(서울경기),2020-07-26,0.0
108,서울(서울경기),2020-07-27,2.2
108,서울(서울경기),2020-07-28,0.4
108,서울(서울경기),2020-07-29,50.1
108,서울(서울경기),2020-07-30,0.1
112,인천(서울경기),2020-06-24,23.5
112,인천(서울경기),2020-06-25,6.9
112,인천(서울경기),2020-06-26,1.6
112,인천(서울경기),2020-06-27,0.0
112,인천(서울경기),2020-06-29,22.0
112,인천(서울경기),2020-06-30,32.5
112,인천(서울경기),2020-07-01,0.1
112,인천(서울경기),2020-07-03,0.8
112,인천(서울경기),2020-07-04,0.5
112,인천(서울경기),2020-07-07,0.0
112,인천(서울경기),2020-07-10,1.7
112,인천(서울경기),2020-07-12,2.7
112,인천(서울경기),2020-07-13,50.6
112,인천(서울경기),2020-07-14,9.2
112,인천(서울경기),2020-07-15,0.0
112,인천(서울경기),2020-07-19,22.0
112,인천(서울경기),2020-07-20,2.3
112,인천(서울경기),2020-07-22,25.0
112,인천(서울경기),2020-07-23,101.8
112,인천(서울경기),2020-07-24,7.8
112,인천(서울경기),2020-07-25,0.0
112,인천(서울경기),2020-07-27,4.9
112,인천(서울경기),2020-07-28,0.1
112,인천(서울경기),2020-07-29,13.8
112,인천(서울경기),2020-07-30,0.2
119,수원(서울경기),2020-06-24,14.1
119,수원(서울경기),2020-06-25,4.4
119,수원(서울경기),2020-06-26,2.1
119,수원(서울경기),2020-06-27,0.0
119,수원(서울경기),2020-06-29,29.5
119,수원(서울경기),2020-06-30,26.8
119,수원(서울경기),2020-07-01,0.5
119,수원(서울경기),2020-07-02,0.6
119,수원(서울경기),2020-07-03,0.5
119,수원(서울경기),2020-07-04,1.0
119,수원(서울경기),2020-07-10,0.8
119,수원(서울경기),2020-07-12,4.8
119,수원(서울경기),2020-07-13,47.2
119,수원(서울경기),2020-07-14,16.2
119,수원(서울경기),2020-07-15,0.2
119,수원(서울경기),2020-07-19,35.6
119,수원(서울경기),2020-07-20,1.8
119,수원(서울경기),2020-07-22,92.9
119,수원(서울경기),2020-07-23,90.1
119,수원(서울경기),2020-07-24,1.4
119,수원(서울경기),2020-07-26,0.0
119,수원(서울경기),2020-07-27,1.9
119,수원(서울경기),2020-07-28,1.9
119,수원(서울경기),2020-07-29,87.0
119,수원(서울경기),2020-07-30,0.2
201,강화(서울경기),2020-06-24,78.8
201,강화(서울경기),2020-06-25,6.5
201,강화(서울경기),2020-06-26,1.3
201,강화(서울경기),2020-06-27,0.0
201,강화(서울경기),2020-06-29,12.3
201,강화(서울경기),2020-06-30,39.0
201,강화(서울경기),2020-07-01,0.5
201,강화(서울경기),2020-07-03,0.3
201,강화(서울경기),2020-07-04,0.8
201,강화(서울경기),2020-07-10,32.7
201,강화(서울경기),2020-07-12,2.6
201,강화(서울경기),2020-07-13,47.4
201,강화(서울경기),2020-07-14,7.4
201,강화(서울경기),2020-07-15,0.0
201,강화(서울경기),2020-07-19,14.1
201,강화(서울경기),2020-07-20,7.9
201,강화(서울경기),2020-07-22,5.8
201,강화(서울경기),2020-07-23,106.1
201,강화(서울경기),2020-07-24,6.5
201,강화(서울경기),2020-07-25,0.0
201,강화(서울경기),2020-07-27,2.5
201,강화(서울경기),2020-07-29,25.9
98,동두천(서울경기),2020-06-24,48.4
98,동두천(서울경기),2020-06-25,10.6
98,동두천(서울경기),2020-06-26,1.6
98,동두천(서울경기),2020-06-29,4.7
98,동두천(서울경기),2020-06-30,57.1
98,동두천(서울경기),2020-07-01,0.5
98,동두천(서울경기),2020-07-03,0.0
98,동두천(서울경기),2020-07-04,0.2
98,동두천(서울경기),2020-07-10,40.0
98,동두천(서울경기),2020-07-11,0.1
98,동두천(서울경기),2020-07-12,0.8
98,동두천(서울경기),2020-07-13,15.5
98,동두천(서울경기),2020-07-14,10.0
98,동두천(서울경기),2020-07-18,8.0
98,동두천(서울경기),2020-07-19,20.4
98,동두천(서울경기),2020-07-20,2.7
98,동두천(서울경기),2020-07-21,0.2
98,동두천(서울경기),2020-07-22,1.8
98,동두천(서울경기),2020-07-23,95.2
98,동두천(서울경기),2020-07-24,7.8
98,동두천(서울경기),2020-07-26,1.1
98,동두천(서울경기),2020-07-27,2.5
98,동두천(서울경기),2020-07-28,0.0
98,동두천(서울경기),2020-07-29,36.2
98,동두천(서울경기),2020-07-30,0.3
102,백령도(서울경기),2020-06-24,79.1
102,백령도(서울경기),2020-06-25,2.2
102,백령도(서울경기),2020-06-27,0.5
102,백령도(서울경기),2020-06-29,17.9
102,백령도(서울경기),2020-06-30,8.1
102,백령도(서울경기),2020-07-01,0.8
102,백령도(서울경기),2020-07-02,0.0
102,백령도(서울경기),2020-07-03,0.1
102,백령도(서울경기),2020-07-04,0.0
102,백령도(서울경기),2020-07-06,0.0
102,백령도(서울경기),2020-07-12,5.3
102,백령도(서울경기),2020-07-13,8.1
102,백령도(서울경기),2020-07-14,0.0
102,백령도(서울경기),2020-07-19,78.2
102,백령도(서울경기),2020-07-20,6.4
102,백령도(서울경기),2020-07-23,71.1
102,백령도(서울경기),2020-07-24,20.7
102,백령도(서울경기),2020-07-25,0.0
102,백령도(서울경기),2020-07-27,0.1
102,백령도(서울경기),2020-07-29,0.3
102,백령도(서울경기),2020-07-30,0.0
202,양평(서울경기),2020-06-24,29.0
202,양평(서울경기),2020-06-25,5.4
202,양평(서울경기),2020-06-26,0.8
202,양평(서울경기),2020-06-27,0.0
202,양평(서울경기),2020-06-29,8.4
202,양평(서울경기),2020-06-30,39.7
202,양평(서울경기),2020-07-01,0.0
202,양평(서울경기),2020-07-03,0.0
202,양평(서울경기),2020-07-04,0.5
202,양평(서울경기),2020-07-10,0.1
202,양평(서울경기),2020-07-12,4.1
202,양평(서울경기),2020-07-13,32.2
202,양평(서울경기),2020-07-14,9.7
202,양평(서울경기),2020-07-15,1.7
202,양평(서울경기),2020-07-17,2.2
202,양평(서울경기),2020-07-19,13.2
202,양평(서울경기),2020-07-20,1.6
202,양평(서울경기),2020-07-21,0.1
202,양평(서울경기),2020-07-22,9.0
202,양평(서울경기),2020-07-23,73.7
202,양평(서울경기),2020-07-24,0.5
202,양평(서울경기),2020-07-26,0.0
202,양평(서울경기),2020-07-27,1.1
202,양평(서울경기),2020-07-28,1.7
202,양평(서울경기),2020-07-29,25.5
202,양평(서울경기),2020-07-30,1.7
203,이천(서울경기),2020-06-24,16.0
203,이천(서울경기),2020-06-25,5.9
203,이천(서울경기),2020-06-26,1.4
203,이천(서울경기),2020-06-27,0.0
203,이천(서울경기),2020-06-29,21.6
203,이천(서울경기),2020-06-30,32.2
203,이천(서울경기),2020-07-01,1.8
203,이천(서울경기),2020-07-03,0.5
203,이천(서울경기),2020-07-04,0.7
203,이천(서울경기),2020-07-07,0.0
203,이천(서울경기),2020-07-10,0.3
203,이천(서울경기),2020-07-12,5.1
203,이천(서울경기),2020-07-13,61.0
203,이천(서울경기),2020-07-14,18.4
203,이천(서울경기),2020-07-15,0.3
203,이천(서울경기),2020-07-17,3.9
203,이천(서울경기),2020-07-19,8.8
203,이천(서울경기),2020-07-20,2.1
203,이천(서울경기),2020-07-22,76.1
203,이천(서울경기),2020-07-23,86.3
203,이천(서울경기),2020-07-24,5.4
203,이천(서울경기),2020-07-25,0.1
203,이천(서울경기),2020-07-27,0.2
203,이천(서울경기),2020-07-28,3.3
203,이천(서울경기),2020-07-29,76.4
203,이천(서울경기),2020-07-30,63.3
99,파주(서울경기),2020-06-24,71.2
99,파주(서울경기),2020-06-25,10.8
99,파주(서울경기),2020-06-26,1.9
99,파주(서울경기),2020-06-29,6.0
99,파주(서울경기),2020-06-30,33.7
99,파주(서울경기),2020-07-01,0.2
99,파주(서울경기),2020-07-03,0.1
99,파주(서울경기),2020-07-04,0.8
99,파주(서울경기),2020-07-10,35.3
99,파주(서울경기),2020-07-12,1.6
99,파주(서울경기),2020-07-13,23.6
99,파주(서울경기),2020-07-14,12.4
99,파주(서울경기),2020-07-16,0.1
99,파주(서울경기),2020-07-18,0.0
99,파주(서울경기),2020-07-19,17.4
99,파주(서울경기),2020-07-20,6.3
99,파주(서울경기),2020-07-22,0.0
99,파주(서울경기),2020-07-23,94.7
99,파주(서울경기),2020-07-24,5.4
99,파주(서울경기),2020-07-25,0.0
99,파주(서울경기),2020-07-26,0.0
99,파주(서울경기),2020-07-27,6.3
99,파주(서울경기),2020-07-29,25.9
99,파주(서울경기),2020-07-30,0.0
105,강릉(강원영동),2020-06-24,13.8
105,강릉(강원영동),2020-06-27,0.1
105,강릉(강원영동),2020-06-29,2.2
105,강릉(강원영동),2020-06-30,250.0
105,강릉(강원영동),2020-07-01,6.7
105,강릉(강원영동),2020-07-04,0.5
105,강릉(강원영동),2020-07-08,0.4
105,강릉(강원영동),2020-07-10,22.5
105,강릉(강원영동),2020-07-11,8.2
105,강릉(강원영동),2020-07-12,0.7
105,강릉(강원영동),2020-07-13,49.0
105,강릉(강원영동),2020-07-14,42.2
105,강릉(강원영동),2020-07-15,0.0
105,강릉(강원영동),2020-07-19,0.0
105,강릉(강원영동),2020-07-20,0.0
105,강릉(강원영동),2020-07-23,30.1
105,강릉(강원영동),2020-07-24,121.8
105,강릉(강원영동),2020-07-25,54.5
105,강릉(강원영동),2020-07-26,4.8
105,강릉(강원영동),2020-07-27,1.5
105,강릉(강원영동),2020-07-28,3.9
105,강릉(강원영동),2020-07-29,19.4
105,강릉(강원영동),2020-07-30,9.7
104,북강릉(강원영동),2020-06-24,20.0
104,북강릉(강원영동),2020-06-25,0.0
104,북강릉(강원영동),2020-06-27,0.1
104,북강릉(강원영동),2020-06-29,2.6
104,북강릉(강원영동),2020-06-30,217.0
104,북강릉(강원영동),2020-07-01,6.4
104,북강릉(강원영동),2020-07-04,0.7
104,북강릉(강원영동),2020-07-08,0.4
104,북강릉(강원영동),2020-07-10,33.8
104,북강릉(강원영동),2020-07-11,10.3
104,북강릉(강원영동),2020-07-12,0.5
104,북강릉(강원영동),2020-07-13,44.3
104,북강릉(강원영동),2020-07-14,43.8
104,북강릉(강원영동),2020-07-15,0.1
104,북강릉(강원영동),2020-07-19,0.0
104,북강릉(강원영동),2020-07-20,0.2
104,북강릉(강원영동),2020-07-23,32.8
104,북강릉(강원영동),2020-07-24,128.2
104,북강릉(강원영동),2020-07-25,98.3
104,북강릉(강원영동),2020-07-26,7.4
104,북강릉(강원영동),2020-07-27,1.8
104,북강릉(강원영동),2020-07-28,2.5
104,북강릉(강원영동),2020-07-29,19.7
104,북강릉(강원영동),2020-07-30,4.5
100,대관령(강원영동),2020-06-24,9.6
100,대관령(강원영동),2020-06-25,1.1
100,대관령(강원영동),2020-06-26,0.0
100,대관령(강원영동),2020-06-27,2.5
100,대관령(강원영동),2020-06-28,0.0
100,대관령(강원영동),2020-06-29,6.4
100,대관령(강원영동),2020-06-30,130.7
100,대관령(강원영동),2020-07-01,8.6
100,대관령(강원영동),2020-07-03,0.0
100,대관령(강원영동),2020-07-04,0.3
100,대관령(강원영동),2020-07-09,0.0
100,대관령(강원영동),2020-07-10,4.5
100,대관령(강원영동),2020-07-11,0.3
100,대관령(강원영동),2020-07-12,1.7
100,대관령(강원영동),2020-07-13,60.2
100,대관령(강원영동),2020-07-14,30.1
100,대관령(강원영동),2020-07-15,0.1
100,대관령(강원영동),2020-07-19,0.0
100,대관령(강원영동),2020-07-20,5.6
100,대관령(강원영동),2020-07-23,52.8
100,대관령(강원영동),2020-07-24,136.8
100,대관령(강원영동),2020-07-25,48.4
100,대관령(강원영동),2020-07-26,1.1
100,대관령(강원영동),2020-07-27,0.1
100,대관령(강원영동),2020-07-28,3.2
100,대관령(강원영동),2020-07-29,21.0
100,대관령(강원영동),2020-07-30,7.5
106,동해(강원영동),2020-06-24,1.0
106,동해(강원영동),2020-06-25,0.0
106,동해(강원영동),2020-06-27,2.9
106,동해(강원영동),2020-06-29,11.2
106,동해(강원영동),2020-06-30,100.5
106,동해(강원영동),2020-07-01,2.1
106,동해(강원영동),2020-07-03,0.1
106,동해(강원영동),2020-07-04,0.8
106,동해(강원영동),2020-07-10,28.7
106,동해(강원영동),2020-07-11,2.4
106,동해(강원영동),2020-07-12,2.7
106,동해(강원영동),2020-07-13,57.9
106,동해(강원영동),2020-07-14,30.4
106,동해(강원영동),2020-07-15,0.4
106,동해(강원영동),2020-07-20,0.3
106,동해(강원영동),2020-07-23,34.1
106,동해(강원영동),2020-07-24,99.9
106,동해(강원영동),2020-07-25,31.5
106,동해(강원영동),2020-07-26,1.3
106,동해(강원영동),2020-07-27,1.7
106,동해(강원영동),2020-07-28,8.0
106,동해(강원영동),2020-07-29,33.4
106,동해(강원영동),2020-07-30,10.4
90,속초(강원영동),2020-06-24,51.1
90,속초(강원영동),2020-06-25,0.3
90,속초(강원영동),2020-06-27,1.0
90,속초(강원영동),2020-06-29,0.6
90,속초(강원영동),2020-06-30,214.6
90,속초(강원영동),2020-07-01,7.7
90,속초(강원영동),2020-07-09,0.0
90,속초(강원영동),2020-07-10,84.4
90,속초(강원영동),2020-07-11,36.3
90,속초(강원영동),2020-07-13,29.0
90,속초(강원영동),2020-07-14,24.9
90,속초(강원영동),2020-07-15,0.0
90,속초(강원영동),2020-07-19,2.7
90,속초(강원영동),2020-07-20,0.0
90,속초(강원영동),2020-07-23,22.2
90,속초(강원영동),2020-07-24,115.5
90,속초(강원영동),2020-07-25,34.0
90,속초(강원영동),2020-07-26,13.2
90,속초(강원영동),2020-07-27,1.9
90,속초(강원영동),2020-07-28,0.0
90,속초(강원영동),2020-07-29,2.9
90,속초(강원영동),2020-07-30,0.0
216,태백(강원영동),2020-06-24,0.2
216,태백(강원영동),2020-06-25,0.5
216,태백(강원영동),2020-06-26,0.0
216,태백(강원영동),2020-06-27,0.0
216,태백(강원영동),2020-06-28,2.1
216,태백(강원영동),2020-06-29,15.3
216,태백(강원영동),2020-06-30,49.7
216,태백(강원영동),2020-07-01,0.0
216,태백(강원영동),2020-07-03,0.0
216,태백(강원영동),2020-07-04,1.2
216,태백(강원영동),2020-07-06,1.1
216,태백(강원영동),2020-07-10,11.0
216,태백(강원영동),2020-07-11,1.6
216,태백(강원영동),2020-07-12,6.5
216,태백(강원영동),2020-07-13,79.9
216,태백(강원영동),2020-07-14,19.3
216,태백(강원영동),2020-07-15,0.0
216,태백(강원영동),2020-07-20,3.3
216,태백(강원영동),2020-07-22,0.0
216,태백(강원영동),2020-07-23,49.6
216,태백(강원영동),2020-07-24,51.5
216,태백(강원영동),2020-07-25,33.3
216,태백(강원영동),2020-07-26,9.0
216,태백(강원영동),2020-07-27,2.6
216,태백(강원영동),2020-07-28,18.0
216,태백(강원영동),2020-07-29,32.3
216,태백(강원영동),2020-07-30,9.1
101,춘천(강원영서),2020-06-24,46.3
101,춘천(강원영서),2020-06-25,6.5
101,춘천(강원영서),2020-06-26,0.1
101,춘천(강원영서),2020-06-27,0.0
101,춘천(강원영서),2020-06-29,1.0
101,춘천(강원영서),2020-06-30,18.0
101,춘천(강원영서),2020-07-01,1.1
101,춘천(강원영서),2020-07-10,0.8
101,춘천(강원영서),2020-07-12,0.1
101,춘천(강원영서),2020-07-13,17.5
101,춘천(강원영서),2020-07-14,30.8
101,춘천(강원영서),2020-07-15,0.0
101,춘천(강원영서),2020-07-19,11.2
101,춘천(강원영서),2020-07-20,1.0
101,춘천(강원영서),2020-07-23,63.0
101,춘천(강원영서),2020-07-24,12.2
101,춘천(강원영서),2020-07-25,1.1
101,춘천(강원영서),2020-07-26,0.1
101,춘천(강원영서),2020-07-27,8.6
101,춘천(강원영서),2020-07-28,0.7
101,춘천(강원영서),2020-07-29,15.0
121,영월(강원영서),2020-06-24,3.4
121,영월(강원영서),2020-06-25,2.5
121,영월(강원영서),2020-06-26,0.0
121,영월(강원영서),2020-06-27,0.2
121,영월(강원영서),2020-06-29,12.1
121,영월(강원영서),2020-06-30,17.8
121,영월(강원영서),2020-07-01,1.5
121,영월(강원영서),2020-07-03,0.5
121,영월(강원영서),2020-07-04,0.7
121,영월(강원영서),2020-07-08,0.0
121,영월(강원영서),2020-07-10,1.8
121,영월(강원영서),2020-07-12,4.2
121,영월(강원영서),2020-07-13,54.4
121,영월(강원영서),2020-07-14,5.0
121,영월(강원영서),2020-07-15,0.6
121,영월(강원영서),2020-07-19,0.1
121,영월(강원영서),2020-07-20,15.8
121,영월(강원영서),2020-07-22,8.7
121,영월(강원영서),2020-07-23,33.4
121,영월(강원영서),2020-07-24,12.3
121,영월(강원영서),2020-07-25,8.1
121,영월(강원영서),2020-07-26,0.1
121,영월(강원영서),2020-07-27,3.3
121,영월(강원영서),2020-07-28,5.4
121,영월(강원영서),2020-07-29,74.7
121,영월(강원영서),2020-07-30,17.8
114,원주(강원영서),2020-06-24,4.4
114,원주(강원영서),2020-06-25,1.3
114,원주(강원영서),2020-06-26,1.3
114,원주(강원영서),2020-06-27,0.0
114,원주(강원영서),2020-06-29,7.9
114,원주(강원영서),2020-06-30,17.8
114,원주(강원영서),2020-07-01,1.6
114,원주(강원영서),2020-07-03,0.0
114,원주(강원영서),2020-07-04,0.8
114,원주(강원영서),2020-07-07,0.1
114,원주(강원영서),2020-07-10,0.2
114,원주(강원영서),2020-07-12,4.4
114,원주(강원영서),2020-07-13,47.8
114,원주(강원영서),2020-07-14,13.3
114,원주(강원영서),2020-07-15,2.3
114,원주(강원영서),2020-07-16,7.4
114,원주(강원영서),2020-07-17,0.1
114,원주(강원영서),2020-07-19,1.3
114,원주(강원영서),2020-07-20,7.7
114,원주(강원영서),2020-07-22,8.4
114,원주(강원영서),2020-07-23,38.1
114,원주(강원영서),2020-07-24,3.5
114,원주(강원영서),2020-07-25,0.3
114,원주(강원영서),2020-07-26,0.0
114,원주(강원영서),2020-07-27,0.0
114,원주(강원영서),2020-07-28,3.0
114,원주(강원영서),2020-07-29,50.4
114,원주(강원영서),2020-07-30,12.9
211,인제(강원영서),2020-06-24,37.2
211,인제(강원영서),2020-06-25,4.5
211,인제(강원영서),2020-06-26,0.9
211,인제(강원영서),2020-06-27,1.7
211,인제(강원영서),2020-06-28,1.9
211,인제(강원영서),2020-06-29,0.6
211,인제(강원영서),2020-06-30,11.2
211,인제(강원영서),2020-07-01,2.2
211,인제(강원영서),2020-07-02,5.3
211,인제(강원영서),2020-07-07,0.0
211,인제(강원영서),2020-07-10,2.2
211,인제(강원영서),2020-07-13,9.9
211,인제(강원영서),2020-07-14,24.0
211,인제(강원영서),2020-07-15,0.1
211,인제(강원영서),2020-07-16,0.0
211,인제(강원영서),2020-07-19,5.1
211,인제(강원영서),2020-07-20,2.4
211,인제(강원영서),2020-07-23,31.7
211,인제(강원영서),2020-07-24,13.0
211,인제(강원영서),2020-07-25,0.9
211,인제(강원영서),2020-07-26,11.2
211,인제(강원영서),2020-07-27,3.4
211,인제(강원영서),2020-07-28,0.3
211,인제(강원영서),2020-07-29,12.1
217,정선군(강원영서),2020-06-24,9.0
217,정선군(강원영서),2020-06-25,3.0
217,정선군(강원영서),2020-06-26,0.5
217,정선군(강원영서),2020-06-27,0.1
217,정선군(강원영서),2020-06-28,0.2
217,정선군(강원영서),2020-06-29,8.0
217,정선군(강원영서),2020-06-30,26.0
217,정선군(강원영서),2020-07-01,1.0
217,정선군(강원영서),2020-07-03,0.5
217,정선군(강원영서),2020-07-04,1.0
217,정선군(강원영서),2020-07-09,0.0
217,정선군(강원영서),2020-07-10,3.0
217,정선군(강원영서),2020-07-12,5.5
217,정선군(강원영서),2020-07-13,48.0
217,정선군(강원영서),2020-07-14,13.5
217,정선군(강원영서),2020-07-15,0.1
217,정선군(강원영서),2020-07-20,15.0
217,정선군(강원영서),2020-07-22,0.5
217,정선군(강원영서),2020-07-23,35.0
217,정선군(강원영서),2020-07-24,14.5
217,정선군(강원영서),2020-07-25,6.5
217,정선군(강원영서),2020-07-26,4.0
217,정선군(강원영서),2020-07-27,2.0
217,정선군(강원영서),2020-07-28,9.0
217,정선군(강원영서),2020-07-29,51.5
217,정선군(강원영서),2020-07-30,15.0
95,철원(강원영서),2020-06-24,46.3
95,철원(강원영서),2020-06-25,9.0
95,철원(강원영서),2020-06-26,3.3
95,철원(강원영서),2020-06-27,15.8
95,철원(강원영서),2020-06-29,1.3
95,철원(강원영서),2020-06-30,13.0
95,철원(강원영서),2020-07-01,1.3
95,철원(강원영서),2020-07-02,0.0
95,철원(강원영서),2020-07-03,0.0
95,철원(강원영서),2020-07-06,0.0
95,철원(강원영서),2020-07-07,0.0
95,철원(강원영서),2020-07-10,40.7
95,철원(강원영서),2020-07-12,0.0
95,철원(강원영서),2020-07-13,19.0
95,철원(강원영서),2020-07-14,12.4
95,철원(강원영서),2020-07-15,0.0
95,철원(강원영서),2020-07-16,0.0
95,철원(강원영서),2020-07-17,0.0
95,철원(강원영서),2020-07-18,19.9
95,철원(강원영서),2020-07-19,14.7
95,철원(강원영서),2020-07-20,2.1
95,철원(강원영서),2020-07-21,0.0
95,철원(강원영서),2020-07-22,0.6
95,철원(강원영서),2020-07-23,48.5
95,철원(강원영서),2020-07-24,6.8
95,철원(강원영서),2020-07-25,0.0
95,철원(강원영서),2020-07-26,0.0
95,철원(강원영서),2020-07-27,5.1
95,철원(강원영서),2020-07-28,0.0
95,철원(강원영서),2020-07-29,13.1
95,철원(강원영서),2020-07-30,0.0
212,홍천(강원영서),2020-06-24,36.4
212,홍천(강원영서),2020-06-25,3.8
212,홍천(강원영서),2020-06-26,0.2
212,홍천(강원영서),2020-06-29,2.6
212,홍천(강원영서),2020-06-30,35.4
212,홍천(강원영서),2020-07-01,2.3
212,홍천(강원영서),2020-07-04,0.3
212,홍천(강원영서),2020-07-10,2.0
212,홍천(강원영서),2020-07-11,0.0
212,홍천(강원영서),2020-07-12,1.8
212,홍천(강원영서),2020-07-13,27.7
212,홍천(강원영서),2020-07-14,13.2
212,홍천(강원영서),2020-07-16,22.3
212,홍천(강원영서),2020-07-17,11.4
212,홍천(강원영서),2020-07-19,5.3
212,홍천(강원영서),2020-07-20,3.9
212,홍천(강원영서),2020-07-22,0.0
212,홍천(강원영서),2020-07-23,61.6
212,홍천(강원영서),2020-07-24,7.8
212,홍천(강원영서),2020-07-25,1.4
212,홍천(강원영서),2020-07-26,6.8
212,홍천(강원영서),2020-07-27,2.8
212,홍천(강원영서),2020-07-28,3.2
212,홍천(강원영서),2020-07-29,37.2
212,홍천(강원영서),2020-07-30,2.9
226,보은(충북),2020-06-24,3.5
226,보은(충북),2020-06-25,2.2
226,보은(충북),2020-06-26,0.4
226,보은(충북),2020-06-27,0.0
226,보은(충북),2020-06-29,40.1
226,보은(충북),2020-06-30,24.2
226,보은(충북),2020-07-01,0.9
226,보은(충북),2020-07-03,2.1
226,보은(충북),2020-07-04,0.2
226,보은(충북),2020-07-06,1.5
226,보은(충북),2020-07-07,0.0
226,보은(충북),2020-07-10,6.4
226,보은(충북),2020-07-12,23.6
226,보은(충북),2020-07-13,99.6
226,보은(충북),2020-07-14,1.8
226,보은(충북),2020-07-15,1.6
226,보은(충북),2020-07-19,3.0
226,보은(충북),2020-07-20,18.2
226,보은(충북),2020-07-21,0.1
226,보은(충북),2020-07-22,37.5
226,보은(충북),2020-07-23,47.9
226,보은(충북),2020-07-24,15.1
226,보은(충북),2020-07-25,10.9
226,보은(충북),2020-07-26,0.8
226,보은(충북),2020-07-27,0.7
226,보은(충북),2020-07-28,8.2
226,보은(충북),2020-07-29,89.2
226,보은(충북),2020-07-30,131.5
221,제천(충북),2020-06-24,7.7
221,제천(충북),2020-06-25,4.0
221,제천(충북),2020-06-26,3.0
221,제천(충북),2020-06-27,0.1
221,제천(충북),2020-06-29,14.2
221,제천(충북),2020-06-30,18.8
221,제천(충북),2020-07-01,2.0
221,제천(충북),2020-07-03,0.5
221,제천(충북),2020-07-04,0.7
221,제천(충북),2020-07-10,1.8
221,제천(충북),2020-07-12,4.7
221,제천(충북),2020-07-13,64.9
221,제천(충북),2020-07-14,5.4
221,제천(충북),2020-07-15,1.1
221,제천(충북),2020-07-16,0.0
221,제천(충북),2020-07-19,0.2
221,제천(충북),2020-07-20,17.5
221,제천(충북),2020-07-22,12.1
221,제천(충북),2020-07-23,55.2
221,제천(충북),2020-07-24,8.3
221,제천(충북),2020-07-25,3.3
221,제천(충북),2020-07-27,4.4
221,제천(충북),2020-07-28,3.6
221,제천(충북),2020-07-29,105.6
221,제천(충북),2020-07-30,26.2
131,청주(충북),2020-06-24,0.7
131,청주(충북),2020-06-25,1.8
131,청주(충북),2020-06-26,0.0
131,청주(충북),2020-06-29,36.6
131,청주(충북),2020-06-30,22.8
131,청주(충북),2020-07-01,1.5
131,청주(충북),2020-07-03,0.0
131,청주(충북),2020-07-10,14.7
131,청주(충북),2020-07-12,14.9
131,청주(충북),2020-07-13,79.3
131,청주(충북),2020-07-14,8.5
131,청주(충북),2020-07-15,3.9
131,청주(충북),2020-07-17,11.0
131,청주(충북),2020-07-19,7.5
131,청주(충북),2020-07-20,10.3
131,청주(충북),2020-07-22,28.3
131,청주(충북),2020-07-23,39.6
131,청주(충북),2020-07-24,33.4
131,청주(충북),2020-07-25,11.5
131,청주(충북),2020-07-26,2.4
131,청주(충북),2020-07-27,8.1
131,청주(충북),2020-07-28,0.4
131,청주(충북),2020-07-29,41.7
131,청주(충북),2020-07-30,69.6
135,추풍령(충북),2020-06-24,7.1
135,추풍령(충북),2020-06-25,0.9
135,추풍령(충북),2020-06-26,0.0
135,추풍령(충북),2020-06-27,0.0
135,추풍령(충북),2020-06-29,35.4
135,추풍령(충북),2020-06-30,8.8
135,추풍령(충북),2020-07-01,0.3
135,추풍령(충북),2020-07-03,4.9
135,추풍령(충북),2020-07-04,0.1
135,추풍령(충북),2020-07-06,67.0
135,추풍령(충북),2020-07-07,0.0
135,추풍령(충북),2020-07-09,0.5
135,추풍령(충북),2020-07-10,14.5
135,추풍령(충북),2020-07-11,0.1
135,추풍령(충북),2020-07-12,49.3
135,추풍령(충북),2020-07-13,83.8
135,추풍령(충북),2020-07-14,2.7
135,추풍령(충북),2020-07-15,6.4
135,추풍령(충북),2020-07-19,0.0
135,추풍령(충북),2020-07-20,23.7
135,추풍령(충북),2020-07-22,42.6
135,추풍령(충북),2020-07-23,53.6
135,추풍령(충북),2020-07-24,26.3
135,추풍령(충북),2020-07-25,6.8
135,추풍령(충북),2020-07-26,5.2
135,추풍령(충북),2020-07-27,3.0
135,추풍령(충북),2020-07-28,30.8
135,추풍령(충북),2020-07-29,22.6
135,추풍령(충북),2020-07-30,54.9
127,충주(충북),2020-06-24,9.3
127,충주(충북),2020-06-25,1.6
127,충주(충북),2020-06-26,0.1
127,충주(충북),2020-06-29,20.6
127,충주(충북),2020-06-30,28.4
127,충주(충북),2020-07-01,10.5
127,충주(충북),2020-07-03,0.5
127,충주(충북),2020-07-04,1.1
127,충주(충북),2020-07-07,0.0
127,충주(충북),2020-07-10,0.9
127,충주(충북),2020-07-11,0.0
127,충주(충북),2020-07-12,7.6
127,충주(충북),2020-07-13,65.6
127,충주(충북),2020-07-14,6.5
127,충주(충북),2020-07-15,3.1
127,충주(충북),2020-07-17,0.1
127,충주(충북),2020-07-19,2.1
127,충주(충북),2020-07-20,17.0
127,충주(충북),2020-07-22,30.6
127,충주(충북),2020-07-23,51.4
127,충주(충북),2020-07-24,3.5
127,충주(충북),2020-07-25,4.2
127,충주(충북),2020-07-26,1.0
127,충주(충북),2020-07-27,7.0
127,충주(충북),2020-07-28,6.7
127,충주(충북),2020-07-29,82.3
127,충주(충북),2020-07-30,50.5
133,대전(충남),2020-06-24,7.3
133,대전(충남),2020-06-25,3.9
133,대전(충남),2020-06-26,0.1
133,대전(충남),2020-06-27,0.0
133,대전(충남),2020-06-29,41.5
133,대전(충남),2020-06-30,24.5
133,대전(충남),2020-07-01,0.2
133,대전(충남),2020-07-03,1.0
133,대전(충남),2020-07-04,0.0
133,대전(충남),2020-07-06,0.2
133,대전(충남),2020-07-07,0.2
133,대전(충남),2020-07-10,9.5
133,대전(충남),2020-07-12,43.8
133,대전(충남),2020-07-13,117.9
133,대전(충남),2020-07-14,6.1
133,대전(충남),2020-07-15,9.3
133,대전(충남),2020-07-19,7.2
133,대전(충남),2020-07-20,20.2
133,대전(충남),2020-07-22,25.1
133,대전(충남),2020-07-23,52.8
133,대전(충남),2020-07-24,13.5
133,대전(충남),2020-07-25,2.6
133,대전(충남),2020-07-26,0.4
133,대전(충남),2020-07-27,2.6
133,대전(충남),2020-07-28,6.6
133,대전(충남),2020-07-29,67.9
133,대전(충남),2020-07-30,141.3
238,금산(충남),2020-06-24,4.3
238,금산(충남),2020-06-25,1.6
238,금산(충남),2020-06-26,0.0
238,금산(충남),2020-06-29,33.0
238,금산(충남),2020-06-30,10.6
238,금산(충남),2020-07-01,1.5
238,금산(충남),2020-07-02,0.0
238,금산(충남),2020-07-03,4.3
238,금산(충남),2020-07-04,0.4
238,금산(충남),2020-07-05,0.2
238,금산(충남),2020-07-06,12.0
238,금산(충남),2020-07-07,0.1
238,금산(충남),2020-07-09,1.8
238,금산(충남),2020-07-10,23.5
238,금산(충남),2020-07-12,59.3
238,금산(충남),2020-07-13,115.2
238,금산(충남),2020-07-14,15.2
238,금산(충남),2020-07-15,10.4
238,금산(충남),2020-07-19,3.3
238,금산(충남),2020-07-20,28.7
238,금산(충남),2020-07-21,0.0
238,금산(충남),2020-07-22,30.5
238,금산(충남),2020-07-23,61.8
238,금산(충남),2020-07-24,21.2
238,금산(충남),2020-07-25,7.1
238,금산(충남),2020-07-26,3.7
238,금산(충남),2020-07-27,4.3
238,금산(충남),2020-07-28,18.8
238,금산(충남),2020-07-29,31.4
238,금산(충남),2020-07-30,158.3
235,보령(충남),2020-06-24,2.3
235,보령(충남),2020-06-25,2.2
235,보령(충남),2020-06-26,0.3
235,보령(충남),2020-06-29,40.6
235,보령(충남),2020-06-30,20.9
235,보령(충남),2020-07-01,0.0
235,보령(충남),2020-07-03,1.7
235,보령(충남),2020-07-07,0.0
235,보령(충남),2020-07-10,0.6
235,보령(충남),2020-07-12,34.3
235,보령(충남),2020-07-13,60.9
235,보령(충남),2020-07-14,15.0
235,보령(충남),2020-07-15,1.3
235,보령(충남),2020-07-19,21.3
235,보령(충남),2020-07-20,3.4
235,보령(충남),2020-07-22,16.2
235,보령(충남),2020-07-23,96.7
235,보령(충남),2020-07-24,6.0
235,보령(충남),2020-07-25,1.0
235,보령(충남),2020-07-26,0.7
235,보령(충남),2020-07-27,0.6
235,보령(충남),2020-07-28,0.4
235,보령(충남),2020-07-29,56.5
235,보령(충남),2020-07-30,22.8
236,부여(충남),2020-06-24,6.7
236,부여(충남),2020-06-25,2.8
236,부여(충남),2020-06-29,42.6
236,부여(충남),2020-06-30,33.0
236,부여(충남),2020-07-02,0.2
236,부여(충남),2020-07-03,0.7
236,부여(충남),2020-07-09,0.0
236,부여(충남),2020-07-10,3.7
236,부여(충남),2020-07-12,50.4
236,부여(충남),2020-07-13,123.9
236,부여(충남),2020-07-14,15.9
236,부여(충남),2020-07-15,7.7
236,부여(충남),2020-07-19,27.3
236,부여(충남),2020-07-20,16.3
236,부여(충남),2020-07-22,22.5
236,부여(충남),2020-07-23,82.2
236,부여(충남),2020-07-24,25.0
236,부여(충남),2020-07-25,4.1
236,부여(충남),2020-07-26,0.2
236,부여(충남),2020-07-27,6.7
236,부여(충남),2020-07-28,0.3
236,부여(충남),2020-07-29,45.3
236,부여(충남),2020-07-30,56.3
129,서산(충남),2020-06-24,7.3
129,서산(충남),2020-06-25,1.4
129,서산(충남),2020-06-26,0.2
129,서산(충남),2020-06-27,0.0
129,서산(충남),2020-06-29,66.7
129,서산(충남),2020-06-30,21.1
129,서산(충남),2020-07-01,0.0
129,서산(충남),2020-07-03,0.0
129,서산(충남),2020-07-04,0.0
129,서산(충남),2020-07-07,0.0
129,서산(충남),2020-07-10,0.9
129,서산(충남),2020-07-12,15.2
129,서산(충남),2020-07-13,88.2
129,서산(충남),2020-07-14,16.5
129,서산(충남),2020-07-15,0.6
129,서산(충남),2020-07-19,20.5
129,서산(충남),2020-07-20,2.0
129,서산(충남),2020-07-22,2.4
129,서산(충남),2020-07-23,112.8
129,서산(충남),2020-07-24,24.1
129,서산(충남),2020-07-26,0.0
129,서산(충남),2020-07-27,0.2
129,서산(충남),2020-07-28,2.1
129,서산(충남),2020-07-29,25.0
129,서산(충남),2020-07-30,18.5
232,천안(충남),2020-06-24,3.8
232,천안(충남),2020-06-25,2.5
232,천안(충남),2020-06-26,0.0
232,천안(충남),2020-06-27,0.0
232,천안(충남),2020-06-29,37.5
232,천안(충남),2020-06-30,24.4
232,천안(충남),2020-07-01,3.0
232,천안(충남),2020-07-03,0.0
232,천안(충남),2020-07-04,0.0
232,천안(충남),2020-07-10,1.7
232,천안(충남),2020-07-12,10.2
232,천안(충남),2020-07-13,71.1
232,천안(충남),2020-07-14,8.8
232,천안(충남),2020-07-15,1.4
232,천안(충남),2020-07-19,11.6
232,천안(충남),2020-07-20,6.5
232,천안(충남),2020-07-22,40.1
232,천안(충남),2020-07-23,56.7
232,천안(충남),2020-07-24,15.2
232,천안(충남),2020-07-25,0.8
232,천안(충남),2020-07-26,0.2
232,천안(충남),2020-07-27,1.3
232,천안(충남),2020-07-28,4.5
232,천안(충남),2020-07-29,71.3
232,천안(충남),2020-07-30,52.0
146,전주(전북),2020-06-24,2.4
146,전주(전북),2020-06-25,0.3
146,전주(전북),2020-06-26,0.4
146,전주(전북),2020-06-29,27.6
146,전주(전북),2020-06-30,6.6
146,전주(전북),2020-07-01,0.8
146,전주(전북),2020-07-02,4.0
146,전주(전북),2020-07-03,4.1
146,전주(전북),2020-07-04,3.9
146,전주(전북),2020-07-05,0.6
146,전주(전북),2020-07-06,54.1
146,전주(전북),2020-07-07,0.9
146,전주(전북),2020-07-10,19.9
146,전주(전북),2020-07-12,71.6
146,전주(전북),2020-07-13,92.6
146,전주(전북),2020-07-14,7.8
146,전주(전북),2020-07-15,11.0
146,전주(전북),2020-07-19,0.4
146,전주(전북),2020-07-20,50.2
146,전주(전북),2020-07-21,0.3
146,전주(전북),2020-07-22,30.0
146,전주(전북),2020-07-23,59.6
146,전주(전북),2020-07-24,17.6
146,전주(전북),2020-07-25,0.1
146,전주(전북),2020-07-26,0.5
146,전주(전북),2020-07-27,4.0
146,전주(전북),2020-07-28,9.9
146,전주(전북),2020-07-29,51.7
146,전주(전북),2020-07-30,114.6
172,고창(전북),2020-06-24,7.2
172,고창(전북),2020-06-25,0.2
172,고창(전북),2020-06-26,0.0
172,고창(전북),2020-06-27,0.0
172,고창(전북),2020-06-29,31.6
172,고창(전북),2020-06-30,3.7
172,고창(전북),2020-07-03,4.0
172,고창(전북),2020-07-04,0.0
172,고창(전북),2020-07-06,1.5
172,고창(전북),2020-07-07,0.6
172,고창(전북),2020-07-09,0.0
172,고창(전북),2020-07-10,13.9
172,고창(전북),2020-07-12,66.8
172,고창(전북),2020-07-13,80.4
172,고창(전북),2020-07-14,5.9
172,고창(전북),2020-07-15,2.4
172,고창(전북),2020-07-18,0.0
172,고창(전북),2020-07-19,0.1
172,고창(전북),2020-07-20,33.2
172,고창(전북),2020-07-21,16.6
172,고창(전북),2020-07-22,28.0
172,고창(전북),2020-07-23,51.8
172,고창(전북),2020-07-24,6.7
172,고창(전북),2020-07-25,4.6
172,고창(전북),2020-07-27,5.5
172,고창(전북),2020-07-28,1.8
172,고창(전북),2020-07-29,126.0
172,고창(전북),2020-07-30,4.4
251,고창군(전북),2020-06-24,5.8
251,고창군(전북),2020-06-25,0.9
251,고창군(전북),2020-06-26,0.0
251,고창군(전북),2020-06-29,29.0
251,고창군(전북),2020-06-30,5.5
251,고창군(전북),2020-07-01,0.1
251,고창군(전북),2020-07-03,2.7
251,고창군(전북),2020-07-04,1.1
251,고창군(전북),2020-07-05,0.4
251,고창군(전북),2020-07-06,3.8
251,고창군(전북),2020-07-07,0.1
251,고창군(전북),2020-07-09,0.6
251,고창군(전북),2020-07-10,12.9
251,고창군(전북),2020-07-12,80.1
251,고창군(전북),2020-07-13,100.4
251,고창군(전북),2020-07-14,5.4
251,고창군(전북),2020-07-15,8.6
251,고창군(전북),2020-07-16,0.1
251,고창군(전북),2020-07-17,0.0
251,고창군(전북),2020-07-18,0.3
251,고창군(전북),2020-07-19,0.0
251,고창군(전북),2020-07-20,36.1
251,고창군(전북),2020-07-21,7.1
251,고창군(전북),2020-07-22,40.3
251,고창군(전북),2020-07-23,48.9
251,고창군(전북),2020-07-24,9.0
251,고창군(전북),2020-07-25,2.7
251,고창군(전북),2020-07-26,0.0
251,고창군(전북),2020-07-27,6.3
251,고창군(전북),2020-07-28,1.8
251,고창군(전북),2020-07-29,45.7
251,고창군(전북),2020-07-30,40.9
140,군산(전북),2020-06-24,5.2
140,군산(전북),2020-06-25,1.9
140,군산(전북),2020-06-26,1.0
140,군산(전북),2020-06-29,49.8
140,군산(전북),2020-06-30,16.9
140,군산(전북),2020-07-01,0.0
140,군산(전북),2020-07-03,2.4
140,군산(전북),2020-07-06,0.3
140,군산(전북),2020-07-07,0.3
140,군산(전북),2020-07-09,0.0
140,군산(전북),2020-07-10,5.7
140,군산(전북),2020-07-12,67.5
140,군산(전북),2020-07-13,124.0
140,군산(전북),2020-07-14,19.5
140,군산(전북),2020-07-15,5.5
140,군산(전북),2020-07-18,0.0
140,군산(전북),2020-07-19,16.6
140,군산(전북),2020-07-20,14.3
140,군산(전북),2020-07-22,18.8
140,군산(전북),2020-07-23,60.9
140,군산(전북),2020-07-24,19.9
140,군산(전북),2020-07-25,0.5
140,군산(전북),2020-07-27,14.8
140,군산(전북),2020-07-28,1.0
140,군산(전북),2020-07-29,27.2
140,군산(전북),2020-07-30,44.2
247,남원(전북),2020-06-24,7.5
247,남원(전북),2020-06-25,1.0
247,남원(전북),2020-06-26,0.7
247,남원(전북),2020-06-27,0.0
247,남원(전북),2020-06-29,36.0
247,남원(전북),2020-06-30,1.1
247,남원(전북),2020-07-01,0.2
247,남원(전북),2020-07-03,11.2
247,남원(전북),2020-07-04,0.0
247,남원(전북),2020-07-05,0.1
247,남원(전북),2020-07-06,0.6
247,남원(전북),2020-07-10,57.2
247,남원(전북),2020-07-12,40.9
247,남원(전북),2020-07-13,107.1
247,남원(전북),2020-07-14,6.1
247,남원(전북),2020-07-15,7.2
247,남원(전북),2020-07-16,0.1
247,남원(전북),2020-07-19,0.0
247,남원(전북),2020-07-20,9.2
247,남원(전북),2020-07-21,4.9
247,남원(전북),2020-07-22,46.7
247,남원(전북),2020-07-23,45.2
247,남원(전북),2020-07-24,23.0
247,남원(전북),2020-07-25,11.6
247,남원(전북),2020-07-27,11.2
247,남원(전북),2020-07-28,77.4
247,남원(전북),2020-07-29,18.9
247,남원(전북),2020-07-30,66.9
243,부안(전북),2020-06-24,5.8
243,부안(전북),2020-06-25,0.6
243,부안(전북),2020-06-26,0.0
243,부안(전북),2020-06-29,45.6
243,부안(전북),2020-06-30,7.1
243,부안(전북),2020-07-01,0.0
243,부안(전북),2020-07-02,1.1
243,부안(전북),2020-07-03,2.9
243,부안(전북),2020-07-04,0.0
243,부안(전북),2020-07-05,0.0
243,부안(전북),2020-07-06,4.9
243,부안(전북),2020-07-07,0.3
243,부안(전북),2020-07-09,0.8
243,부안(전북),2020-07-10,9.9
243,부안(전북),2020-07-12,78.7
243,부안(전북),2020-07-13,117.7
243,부안(전북),2020-07-14,4.4
243,부안(전북),2020-07-15,9.5
243,부안(전북),2020-07-18,0.1
243,부안(전북),2020-07-19,0.6
243,부안(전북),2020-07-20,26.3
243,부안(전북),2020-07-21,0.6
243,부안(전북),2020-07-22,12.7
243,부안(전북),2020-07-23,54.7
243,부안(전북),2020-07-24,6.5
243,부안(전북),2020-07-25,7.0
243,부안(전북),2020-07-26,0.1
243,부안(전북),2020-07-27,1.6
243,부안(전북),2020-07-28,3.3
243,부안(전북),2020-07-29,125.6
243,부안(전북),2020-07-30,27.1
254,순창군(전북),2020-06-24,18.6
254,순창군(전북),2020-06-25,0.5
254,순창군(전북),2020-06-26,0.1
254,순창군(전북),2020-06-29,40.1
254,순창군(전북),2020-06-30,3.8
254,순창군(전북),2020-07-01,0.0
254,순창군(전북),2020-07-03,9.0
254,순창군(전북),2020-07-06,0.9
254,순창군(전북),2020-07-07,0.0
254,순창군(전북),2020-07-09,1.4
254,순창군(전북),2020-07-10,36.0
254,순창군(전북),2020-07-12,52.4
254,순창군(전북),2020-07-13,143.2
254,순창군(전북),2020-07-14,3.8
254,순창군(전북),2020-07-15,12.2
254,순창군(전북),2020-07-20,9.8
254,순창군(전북),2020-07-21,3.4
254,순창군(전북),2020-07-22,22.5
254,순창군(전북),2020-07-23,64.4
254,순창군(전북),2020-07-24,13.1
254,순창군(전북),2020-07-25,2.3
254,순창군(전북),2020-07-27,12.2
254,순창군(전북),2020-07-28,63.3
254,순창군(전북),2020-07-29,46.5
254,순창군(전북),2020-07-30,57.1
244,임실(전북),2020-06-24,4.6
244,임실(전북),2020-06-25,1.1
244,임실(전북),2020-06-26,0.6
244,임실(전북),2020-06-29,35.2
244,임실(전북),2020-06-30,9.1
244,임실(전북),2020-07-01,0.1
244,임실(전북),2020-07-03,6.3
244,임실(전북),2020-07-04,0.3
244,임실(전북),2020-07-05,0.0
244,임실(전북),2020-07-06,0.3
244,임실(전북),2020-07-07,0.1
244,임실(전북),2020-07-09,0.0
244,임실(전북),2020-07-10,18.8
244,임실(전북),2020-07-12,49.1
244,임실(전북),2020-07-13,111.6
244,임실(전북),2020-07-14,4.5
244,임실(전북),2020-07-15,3.5
244,임실(전북),2020-07-18,0.0
244,임실(전북),2020-07-19,0.1
244,임실(전북),2020-07-20,18.5
244,임실(전북),2020-07-21,29.8
244,임실(전북),2020-07-22,63.7
244,임실(전북),2020-07-23,64.5
244,임실(전북),2020-07-24,19.3
244,임실(전북),2020-07-25,15.0
244,임실(전북),2020-07-26,7.1
244,임실(전북),2020-07-27,5.6
244,임실(전북),2020-07-28,14.5
244,임실(전북),2020-07-29,43.3
244,임실(전북),2020-07-30,28.1
248,장수(전북),2020-06-24,5.3
248,장수(전북),2020-06-25,1.8
248,장수(전북),2020-06-26,0.1
248,장수(전북),2020-06-29,35.7
248,장수(전북),2020-06-30,9.5
248,장수(전북),2020-07-01,0.2
248,장수(전북),2020-07-02,0.0
248,장수(전북),2020-07-03,8.8
248,장수(전북),2020-07-04,1.2
248,장수(전북),2020-07-06,0.1
248,장수(전북),2020-07-10,22.5
248,장수(전북),2020-07-11,0.2
248,장수(전북),2020-07-12,50.2
248,장수(전북),2020-07-13,124.1
248,장수(전북),2020-07-14,2.1
248,장수(전북),2020-07-15,4.4
248,장수(전북),2020-07-19,0.0
248,장수(전북),2020-07-20,13.7
248,장수(전북),2020-07-21,15.4
248,장수(전북),2020-07-22,85.9
248,장수(전북),2020-07-23,46.2
248,장수(전북),2020-07-24,13.5
248,장수(전북),2020-07-25,6.2
248,장수(전북),2020-07-26,2.2
248,장수(전북),2020-07-27,11.4
248,장수(전북),2020-07-28,44.5
248,장수(전북),2020-07-29,43.4
248,장수(전북),2020-07-30,76.3
245,정읍(전북),2020-06-24,2.3
245,정읍(전북),2020-06-25,0.9
245,정읍(전북),2020-06-26,0.1
245,정읍(전북),2020-06-29,19.9
245,정읍(전북),2020-06-30,6.7
245,정읍(전북),2020-07-01,0.1
245,정읍(전북),2020-07-03,3.1
245,정읍(전북),2020-07-04,0.7
245,정읍(전북),2020-07-05,0.2
245,정읍(전북),2020-07-06,9.3
245,정읍(전북),2020-07-07,0.2
245,정읍(전북),2020-07-09,0.6
245,정읍(전북),2020-07-10,15.7
245,정읍(전북),2020-07-12,81.5
245,정읍(전북),2020-07-13,116.1
245,정읍(전북),2020-07-14,3.6
245,정읍(전북),2020-07-15,14.1
245,정읍(전북),2020-07-18,0.0
245,정읍(전북),2020-07-19,0.0
245,정읍(전북),2020-07-20,45.3
245,정읍(전북),2020-07-21,3.9
245,정읍(전북),2020-07-22,11.2
245,정읍(전북),2020-07-23,43.6
245,정읍(전북),2020-07-24,4.1
245,정읍(전북),2020-07-25,1.8
245,정읍(전북),2020-07-27,4.7
245,정읍(전북),2020-07-28,5.9
245,정읍(전북),2020-07-29,38.9
245,정읍(전북),2020-07-30,11.9
156,광주(전남),2020-06-24,8.6
156,광주(전남),2020-06-25,0.0
156,광주(전남),2020-06-26,0.0
156,광주(전남),2020-06-29,41.5
156,광주(전남),2020-06-30,4.9
156,광주(전남),2020-07-03,7.4
156,광주(전남),2020-07-04,0.0
156,광주(전남),2020-07-06,0.3
156,광주(전남),2020-07-07,0.0
156,광주(전남),2020-07-09,0.0
156,광주(전남),2020-07-10,68.1
156,광주(전남),2020-07-12,37.0
156,광주(전남),2020-07-13,121.2
156,광주(전남),2020-07-14,1.3
156,광주(전남),2020-07-15,9.8
156,광주(전남),2020-07-20,6.1
156,광주(전남),2020-07-21,9.4
156,광주(전남),2020-07-22,19.7
156,광주(전남),2020-07-23,54.1
156,광주(전남),2020-07-24,21.9
156,광주(전남),2020-07-25,1.6
156,광주(전남),2020-07-27,8.9
156,광주(전남),2020-07-28,47.8
156,광주(전남),2020-07-29,115.5
156,광주(전남),2020-07-30,3.2
259,강진군(전남),2020-06-24,52.5
259,강진군(전남),2020-06-25,1.5
259,강진군(전남),2020-06-29,44.5
259,강진군(전남),2020-06-30,2.5
259,강진군(전남),2020-07-01,0.1
259,강진군(전남),2020-07-03,20.5
259,강진군(전남),2020-07-04,0.1
259,강진군(전남),2020-07-05,0.5
259,강진군(전남),2020-07-07,0.2
259,강진군(전남),2020-07-09,0.4
259,강진군(전남),2020-07-10,32.0
259,강진군(전남),2020-07-12,53.5
259,강진군(전남),2020-07-13,91.5
259,강진군(전남),2020-07-14,1.0
259,강진군(전남),2020-07-15,4.5
259,강진군(전남),2020-07-16,0.5
259,강진군(전남),2020-07-18,4.0
259,강진군(전남),2020-07-19,0.5
259,강진군(전남),2020-07-20,7.0
259,강진군(전남),2020-07-21,18.0
259,강진군(전남),2020-07-22,10.5
259,강진군(전남),2020-07-23,69.0
259,강진군(전남),2020-07-24,4.0
259,강진군(전남),2020-07-25,0.5
259,강진군(전남),2020-07-27,32.5
259,강진군(전남),2020-07-28,39.0
259,강진군(전남),2020-07-29,7.0
259,강진군(전남),2020-07-30,1.5
262,고흥(전남),2020-06-24,31.2
262,고흥(전남),2020-06-25,8.5
262,고흥(전남),2020-06-29,55.5
262,고흥(전남),2020-06-30,0.9
262,고흥(전남),2020-07-03,12.4
262,고흥(전남),2020-07-06,0.1
262,고흥(전남),2020-07-09,1.9
262,고흥(전남),2020-07-10,40.7
262,고흥(전남),2020-07-12,41.7
262,고흥(전남),2020-07-13,102.5
262,고흥(전남),2020-07-14,0.0
262,고흥(전남),2020-07-15,1.9
262,고흥(전남),2020-07-18,1.5
262,고흥(전남),2020-07-19,0.2
262,고흥(전남),2020-07-20,1.4
262,고흥(전남),2020-07-21,11.4
262,고흥(전남),2020-07-22,12.2
262,고흥(전남),2020-07-23,62.3
262,고흥(전남),2020-07-24,1.9
262,고흥(전남),2020-07-25,0.0
262,고흥(전남),2020-07-27,16.0
262,고흥(전남),2020-07-28,0.0
262,고흥(전남),2020-07-29,5.3
262,고흥(전남),2020-07-30,20.8
266,광양시(전남),2020-06-24,42.0
266,광양시(전남),2020-06-25,7.5
266,광양시(전남),2020-06-29,96.5
266,광양시(전남),2020-06-30,3.0
266,광양시(전남),2020-07-03,15.5
266,광양시(전남),2020-07-06,0.0
266,광양시(전남),2020-07-07,10.5
266,광양시(전남),2020-07-09,3.5
266,광양시(전남),2020-07-10,40.5
266,광양시(전남),2020-07-12,62.0
266,광양시(전남),2020-07-13,116.5
266,광양시(전남),2020-07-14,10.5
266,광양시(전남),2020-07-15,17.0
266,광양시(전남),2020-07-16,0.5
266,광양시(전남),2020-07-18,0.0
266,광양시(전남),2020-07-19,2.0
266,광양시(전남),2020-07-20,2.5
266,광양시(전남),2020-07-21,3.5
266,광양시(전남),2020-07-22,11.0
266,광양시(전남),2020-07-23,105.0
266,광양시(전남),2020-07-24,13.0
266,광양시(전남),2020-07-25,3.5
266,광양시(전남),2020-07-27,0.5
266,광양시(전남),2020-07-28,11.0
266,광양시(전남),2020-07-29,11.5
266,광양시(전남),2020-07-30,43.0
165,목포(전남),2020-06-24,31.3
165,목포(전남),2020-06-25,0.0
165,목포(전남),2020-06-29,42.7
165,목포(전남),2020-06-30,2.8
165,목포(전남),2020-07-03,15.5
165,목포(전남),2020-07-04,0.1
165,목포(전남),2020-07-05,0.0
165,목포(전남),2020-07-06,0.9
165,목포(전남),2020-07-07,0.0
165,목포(전남),2020-07-09,0.0
165,목포(전남),2020-07-10,116.3
165,목포(전남),2020-07-11,0.0
165,목포(전남),2020-07-12,39.2
165,목포(전남),2020-07-13,97.9
165,목포(전남),2020-07-14,1.9
165,목포(전남),2020-07-15,0.6
165,목포(전남),2020-07-18,0.9
165,목포(전남),2020-07-20,5.5
165,목포(전남),2020-07-21,2.0
165,목포(전남),2020-07-22,7.3
165,목포(전남),2020-07-23,49.7
165,목포(전남),2020-07-24,8.0
165,목포(전남),2020-07-27,9.3
165,목포(전남),2020-07-28,10.6
165,목포(전남),2020-07-29,0.4
165,목포(전남),2020-07-30,0.2
258,보성군(전남),2020-06-24,52.2
258,보성군(전남),2020-06-25,3.6
258,보성군(전남),2020-06-29,100.1
258,보성군(전남),2020-06-30,0.6
258,보성군(전남),2020-07-03,14.7
258,보성군(전남),2020-07-09,2.5
258,보성군(전남),2020-07-10,45.1
258,보성군(전남),2020-07-12,50.9
258,보성군(전남),2020-07-13,93.5
258,보성군(전남),2020-07-14,0.3
258,보성군(전남),2020-07-15,10.9
258,보성군(전남),2020-07-18,1.2
258,보성군(전남),2020-07-19,0.7
258,보성군(전남),2020-07-20,1.8
258,보성군(전남),2020-07-21,15.7
258,보성군(전남),2020-07-22,20.6
258,보성군(전남),2020-07-23,96.7
258,보성군(전남),2020-07-24,3.0
258,보성군(전남),2020-07-25,0.6
258,보성군(전남),2020-07-27,27.1
258,보성군(전남),2020-07-28,1.4
258,보성군(전남),2020-07-29,16.6
258,보성군(전남),2020-07-30,2.4
174,순천(전남),2020-06-24,25.0
174,순천(전남),2020-06-25,1.2
174,순천(전남),2020-06-26,0.0
174,순천(전남),2020-06-29,59.8
174,순천(전남),2020-06-30,3.5
174,순천(전남),2020-07-03,17.3
174,순천(전남),2020-07-04,0.1
174,순천(전남),2020-07-06,0.0
174,순천(전남),2020-07-07,8.2
174,순천(전남),2020-07-09,0.3
174,순천(전남),2020-07-10,50.5
174,순천(전남),2020-07-12,40.6
174,순천(전남),2020-07-13,111.8
174,순천(전남),2020-07-14,0.9
174,순천(전남),2020-07-15,7.7
174,순천(전남),2020-07-19,1.0
174,순천(전남),2020-07-20,3.3
174,순천(전남),2020-07-21,11.0
174,순천(전남),2020-07-22,17.1
174,순천(전남),2020-07-23,74.6
174,순천(전남),2020-07-24,12.7
174,순천(전남),2020-07-25,0.6
174,순천(전남),2020-07-27,29.8
174,순천(전남),2020-07-28,8.5
174,순천(전남),2020-07-29,19.3
174,순천(전남),2020-07-30,37.8
168,여수(전남),2020-06-24,69.9
168,여수(전남),2020-06-25,11.4
168,여수(전남),2020-06-29,80.5
168,여수(전남),2020-06-30,0.4
168,여수(전남),2020-07-03,10.9
168,여수(전남),2020-07-04,0.1
168,여수(전남),2020-07-06,1.0
168,여수(전남),2020-07-07,0.2
168,여수(전남),2020-07-09,1.5
168,여수(전남),2020-07-10,63.2
168,여수(전남),2020-07-12,68.2
168,여수(전남),2020-07-13,116.7
168,여수(전남),2020-07-14,1.4
168,여수(전남),2020-07-15,1.2
168,여수(전남),2020-07-18,0.0
168,여수(전남),2020-07-19,18.0
168,여수(전남),2020-07-20,0.8
168,여수(전남),2020-07-21,24.2
168,여수(전남),2020-07-22,12.2
168,여수(전남),2020-07-23,114.7
168,여수(전남),2020-07-24,9.4
168,여수(전남),2020-07-25,1.4
168,여수(전남),2020-07-27,16.4
168,여수(전남),2020-07-28,2.8
168,여수(전남),2020-07-29,0.3
168,여수(전남),2020-07-30,87.4
252,영광군(전남),2020-06-24,12.7
252,영광군(전남),2020-06-25,0.4
252,영광군(전남),2020-06-29,37.6
252,영광군(전남),2020-06-30,10.5
252,영광군(전남),2020-07-01,0.1
252,영광군(전남),2020-07-03,5.8
252,영광군(전남),2020-07-04,0.0
252,영광군(전남),2020-07-05,0.1
252,영광군(전남),2020-07-06,2.0
252,영광군(전남),2020-07-07,0.4
252,영광군(전남),2020-07-09,0.0
252,영광군(전남),2020-07-10,13.4
252,영광군(전남),2020-07-12,63.6
252,영광군(전남),2020-07-13,95.9
252,영광군(전남),2020-07-14,7.7
252,영광군(전남),2020-07-15,6.1
252,영광군(전남),2020-07-16,0.0
252,영광군(전남),2020-07-18,0.0
252,영광군(전남),2020-07-19,0.6
252,영광군(전남),2020-07-20,32.3
252,영광군(전남),2020-07-21,9.2
252,영광군(전남),2020-07-22,16.1
252,영광군(전남),2020-07-23,56.2
252,영광군(전남),2020-07-24,10.1
252,영광군(전남),2020-07-25,4.4
252,영광군(전남),2020-07-27,8.7
252,영광군(전남),2020-07-28,1.3
252,영광군(전남),2020-07-29,191.6
252,영광군(전남),2020-07-30,5.6
170,완도(전남),2020-06-24,73.5
170,완도(전남),2020-06-25,6.2
170,완도(전남),2020-06-29,55.1
170,완도(전남),2020-06-30,0.4
170,완도(전남),2020-07-01,0.0
170,완도(전남),2020-07-03,23.2
170,완도(전남),2020-07-04,0.0
170,완도(전남),2020-07-05,1.2
170,완도(전남),2020-07-06,0.5
170,완도(전남),2020-07-09,4.3
170,완도(전남),2020-07-10,25.5
170,완도(전남),2020-07-12,27.2
170,완도(전남),2020-07-13,72.7
170,완도(전남),2020-07-14,0.9
170,완도(전남),2020-07-15,0.5
170,완도(전남),2020-07-16,0.3
170,완도(전남),2020-07-18,5.3
170,완도(전남),2020-07-19,1.5
170,완도(전남),2020-07-20,1.1
170,완도(전남),2020-07-21,18.2
170,완도(전남),2020-07-22,5.6
170,완도(전남),2020-07-23,61.2
170,완도(전남),2020-07-24,3.6
170,완도(전남),2020-07-25,0.0
170,완도(전남),2020-07-27,25.6
170,완도(전남),2020-07-28,1.4
170,완도(전남),2020-07-29,2.0
170,완도(전남),2020-07-30,0.3
260,장흥(전남),2020-06-24,34.3
260,장흥(전남),2020-06-25,0.8
260,장흥(전남),2020-06-29,60.0
260,장흥(전남),2020-06-30,0.6
260,장흥(전남),2020-07-01,0.0
260,장흥(전남),2020-07-03,18.4
260,장흥(전남),2020-07-04,0.0
260,장흥(전남),2020-07-07,0.0
260,장흥(전남),2020-07-09,0.3
260,장흥(전남),2020-07-10,16.6
260,장흥(전남),2020-07-12,40.9
260,장흥(전남),2020-07-13,91.3
260,장흥(전남),2020-07-14,1.1
260,장흥(전남),2020-07-15,5.8
260,장흥(전남),2020-07-16,0.1
260,장흥(전남),2020-07-18,1.7
260,장흥(전남),2020-07-19,0.0
260,장흥(전남),2020-07-20,2.7
260,장흥(전남),2020-07-21,22.1
260,장흥(전남),2020-07-22,14.9
260,장흥(전남),2020-07-23,73.0
260,장흥(전남),2020-07-24,7.8
260,장흥(전남),2020-07-25,0.0
260,장흥(전남),2020-07-27,29.5
260,장흥(전남),2020-07-28,15.2
260,장흥(전남),2020-07-29,8.4
260,장흥(전남),2020-07-30,4.3
261,해남(전남),2020-06-29,46.2
261,해남(전남),2020-06-30,0.4
261,해남(전남),2020-07-01,0.0
261,해남(전남),2020-07-03,23.8
261,해남(전남),2020-07-04,0.0
261,해남(전남),2020-07-05,0.8
261,해남(전남),2020-07-07,0.0
261,해남(전남),2020-07-09,2.2
261,해남(전남),2020-07-10,48.2
261,해남(전남),2020-07-11,0.0
261,해남(전남),2020-07-12,38.2
261,해남(전남),2020-07-13,81.8
261,해남(전남),2020-07-14,2.7
261,해남(전남),2020-07-15,2.8
261,해남(전남),2020-07-18,4.2
261,해남(전남),2020-07-19,0.0
261,해남(전남),2020-07-20,13.5
261,해남(전남),2020-07-21,10.3
261,해남(전남),2020-07-22,10.4
261,해남(전남),2020-07-23,44.8
261,해남(전남),2020-07-24,3.5
261,해남(전남),2020-07-27,17.1
261,해남(전남),2020-07-28,13.0
261,해남(전남),2020-07-29,1.9
261,해남(전남),2020-07-30,0.4
169,흑산도(전남),2020-06-24,38.0
169,흑산도(전남),2020-06-25,0.0
169,흑산도(전남),2020-06-29,43.3
169,흑산도(전남),2020-06-30,0.3
169,흑산도(전남),2020-07-03,20.1
169,흑산도(전남),2020-07-04,0.1
169,흑산도(전남),2020-07-06,0.7
169,흑산도(전남),2020-07-09,0.5
169,흑산도(전남),2020-07-10,10.7
169,흑산도(전남),2020-07-11,0.0
169,흑산도(전남),2020-07-12,57.3
169,흑산도(전남),2020-07-13,33.6
169,흑산도(전남),2020-07-14,0.2
169,흑산도(전남),2020-07-18,0.0
169,흑산도(전남),2020-07-19,0.0
169,흑산도(전남),2020-07-20,14.0
169,흑산도(전남),2020-07-21,3.1
169,흑산도(전남),2020-07-22,5.0
169,흑산도(전남),2020-07-23,45.1
169,흑산도(전남),2020-07-24,0.2
169,흑산도(전남),2020-07-25,0.1
169,흑산도(전남),2020-07-27,6.9
169,흑산도(전남),2020-07-28,2.1
169,흑산도(전남),2020-07-29,3.9
169,흑산도(전남),2020-07-30,1.4
143,대구(경북),2020-06-24,2.3
143,대구(경북),2020-06-25,0.7
143,대구(경북),2020-06-29,42.2
143,대구(경북),2020-06-30,5.9
143,대구(경북),2020-07-01,0.4
143,대구(경북),2020-07-03,5.9
143,대구(경북),2020-07-04,0.0
143,대구(경북),2020-07-07,0.0
143,대구(경북),2020-07-09,0.0
143,대구(경북),2020-07-10,26.2
143,대구(경북),2020-07-12,27.8
143,대구(경북),2020-07-13,54.5
143,대구(경북),2020-07-14,0.8
143,대구(경북),2020-07-15,2.4
143,대구(경북),2020-07-19,0.0
143,대구(경북),2020-07-20,0.9
143,대구(경북),2020-07-21,5.9
143,대구(경북),2020-07-22,45.6
143,대구(경북),2020-07-23,63.1
143,대구(경북),2020-07-24,11.5
143,대구(경북),2020-07-25,13.7
143,대구(경북),2020-07-26,0.0
143,대구(경북),2020-07-27,16.9
143,대구(경북),2020-07-28,14.6
143,대구(경북),2020-07-29,3.9
143,대구(경북),2020-07-30,36.0
138,포항(경북),2020-06-24,4.6
138,포항(경북),2020-06-25,0.8
138,포항(경북),2020-06-26,0.0
138,포항(경북),2020-06-29,40.4
138,포항(경북),2020-06-30,14.1
138,포항(경북),2020-07-01,1.2
138,포항(경북),2020-07-03,2.6
138,포항(경북),2020-07-04,1.4
138,포항(경북),2020-07-09,0.3
138,포항(경북),2020-07-10,24.9
138,포항(경북),2020-07-12,10.1
138,포항(경북),2020-07-13,115.0
138,포항(경북),2020-07-14,1.3
138,포항(경북),2020-07-15,2.5
138,포항(경북),2020-07-19,0.0
138,포항(경북),2020-07-20,0.0
138,포항(경북),2020-07-21,1.2
138,포항(경북),2020-07-22,42.5
138,포항(경북),2020-07-23,56.5
138,포항(경북),2020-07-24,19.9
138,포항(경북),2020-07-25,12.4
138,포항(경북),2020-07-26,1.3
138,포항(경북),2020-07-27,29.6
138,포항(경북),2020-07-28,11.8
138,포항(경북),2020-07-29,3.6
138,포항(경북),2020-07-30,8.0
283,경주시(경북),2020-06-24,4.0
283,경주시(경북),2020-06-25,1.0
283,경주시(경북),2020-06-29,47.0
283,경주시(경북),2020-06-30,10.0
283,경주시(경북),2020-07-01,4.5
283,경주시(경북),2020-07-03,3.0
283,경주시(경북),2020-07-04,0.5
283,경주시(경북),2020-07-07,2.5
283,경주시(경북),2020-07-08,0.0
283,경주시(경북),2020-07-09,0.2
283,경주시(경북),2020-07-10,29.0
283,경주시(경북),2020-07-12,24.0
283,경주시(경북),2020-07-13,84.5
283,경주시(경북),2020-07-14,1.5
283,경주시(경북),2020-07-15,2.5
283,경주시(경북),2020-07-19,0.1
283,경주시(경북),2020-07-21,0.0
283,경주시(경북),2020-07-22,77.5
283,경주시(경북),2020-07-23,57.5
283,경주시(경북),2020-07-24,18.0
283,경주시(경북),2020-07-25,9.0
283,경주시(경북),2020-07-26,2.0
283,경주시(경북),2020-07-27,32.5
283,경주시(경북),2020-07-28,23.0
283,경주시(경북),2020-07-29,1.5
283,경주시(경북),2020-07-30,8.0
279,구미(경북),2020-06-24,6.2
279,구미(경북),2020-06-25,0.4
279,구미(경북),2020-06-27,0.0
279,구미(경북),2020-06-29,38.0
279,구미(경북),2020-06-30,11.6
279,구미(경북),2020-07-01,0.1
279,구미(경북),2020-07-03,6.6
279,구미(경북),2020-07-04,0.0
279,구미(경북),2020-07-06,8.3
279,구미(경북),2020-07-09,0.0
279,구미(경북),2020-07-10,54.0
279,구미(경북),2020-07-12,40.6
279,구미(경북),2020-07-13,85.6
279,구미(경북),2020-07-14,9.9
279,구미(경북),2020-07-15,2.4
279,구미(경북),2020-07-19,0.2
279,구미(경북),2020-07-20,11.5
279,구미(경북),2020-07-21,0.0
279,구미(경북),2020-07-22,45.1
279,구미(경북),2020-07-23,56.0
279,구미(경북),2020-07-24,30.3
279,구미(경북),2020-07-25,9.5
279,구미(경북),2020-07-26,3.9
279,구미(경북),2020-07-27,8.3
279,구미(경북),2020-07-28,19.8
279,구미(경북),2020-07-29,21.5
279,구미(경북),2020-07-30,20.4
273,문경(경북),2020-06-24,23.6
273,문경(경북),2020-06-25,4.7
273,문경(경북),2020-06-26,0.1
273,문경(경북),2020-06-29,67.4
273,문경(경북),2020-06-30,32.9
273,문경(경북),2020-07-01,2.7
273,문경(경북),2020-07-03,1.0
273,문경(경북),2020-07-04,0.9
273,문경(경북),2020-07-06,14.2
273,문경(경북),2020-07-10,8.9
273,문경(경북),2020-07-12,17.6
273,문경(경북),2020-07-13,103.7
273,문경(경북),2020-07-14,9.5
273,문경(경북),2020-07-15,5.6
273,문경(경북),2020-07-19,1.3
273,문경(경북),2020-07-20,19.7
273,문경(경북),2020-07-22,66.7
273,문경(경북),2020-07-23,90.5
273,문경(경북),2020-07-24,38.9
273,문경(경북),2020-07-25,12.2
273,문경(경북),2020-07-26,4.5
273,문경(경북),2020-07-27,4.5
273,문경(경북),2020-07-28,20.8
273,문경(경북),2020-07-29,74.9
273,문경(경북),2020-07-30,97.2
271,봉화(경북),2020-06-24,10.3
271,봉화(경북),2020-06-25,3.2
271,봉화(경북),2020-06-26,0.2
271,봉화(경북),2020-06-27,0.0
271,봉화(경북),2020-06-28,6.7
271,봉화(경북),2020-06-29,18.8
271,봉화(경북),2020-06-30,38.1
271,봉화(경북),2020-07-01,3.8
271,봉화(경북),2020-07-03,0.0
271,봉화(경북),2020-07-04,1.8
271,봉화(경북),2020-07-06,5.7
271,봉화(경북),2020-07-10,17.5
271,봉화(경북),2020-07-11,0.0
271,봉화(경북),2020-07-12,5.8
271,봉화(경북),2020-07-13,62.6
271,봉화(경북),2020-07-14,0.7
271,봉화(경북),2020-07-15,0.0
271,봉화(경북),2020-07-19,0.2
271,봉화(경북),2020-07-20,10.4
271,봉화(경북),2020-07-22,5.3
271,봉화(경북),2020-07-23,46.6
271,봉화(경북),2020-07-24,14.1
271,봉화(경북),2020-07-25,9.9
271,봉화(경북),2020-07-26,3.5
271,봉화(경북),2020-07-27,2.4
271,봉화(경북),2020-07-28,17.2
271,봉화(경북),2020-07-29,48.4
271,봉화(경북),2020-07-30,16.6
137,상주(경북),2020-06-24,11.7
137,상주(경북),2020-06-25,3.2
137,상주(경북),2020-06-26,0.0
137,상주(경북),2020-06-29,45.5
137,상주(경북),2020-06-30,28.8
137,상주(경북),2020-07-01,0.0
137,상주(경북),2020-07-03,4.0
137,상주(경북),2020-07-04,0.3
137,상주(경북),2020-07-06,26.1
137,상주(경북),2020-07-07,0.1
137,상주(경북),2020-07-09,0.1
137,상주(경북),2020-07-10,12.8
137,상주(경북),2020-07-12,29.8
137,상주(경북),2020-07-13,107.2
137,상주(경북),2020-07-14,7.0
137,상주(경북),2020-07-15,4.9
137,상주(경북),2020-07-19,0.3
137,상주(경북),2020-07-20,25.3
137,상주(경북),2020-07-22,36.0
137,상주(경북),2020-07-23,65.9
137,상주(경북),2020-07-24,27.2
137,상주(경북),2020-07-25,9.0
137,상주(경북),2020-07-26,3.8
137,상주(경북),2020-07-27,4.1
137,상주(경북),2020-07-28,24.8
137,상주(경북),2020-07-29,40.5
137,상주(경북),2020-07-30,37.5
136,안동(경북),2020-06-24,6.7
136,안동(경북),2020-06-25,1.1
136,안동(경북),2020-06-29,39.5
136,안동(경북),2020-06-30,4.6
136,안동(경북),2020-07-01,0.3
136,안동(경북),2020-07-03,0.8
136,안동(경북),2020-07-04,1.9
136,안동(경북),2020-07-06,63.7
136,안동(경북),2020-07-10,14.7
136,안동(경북),2020-07-12,13.0
136,안동(경북),2020-07-13,79.3
136,안동(경북),2020-07-14,0.1
136,안동(경북),2020-07-15,1.8
136,안동(경북),2020-07-19,0.0
136,안동(경북),2020-07-20,8.6
136,안동(경북),2020-07-22,29.4
136,안동(경북),2020-07-23,53.6
136,안동(경북),2020-07-24,17.1
136,안동(경북),2020-07-25,19.4
136,안동(경북),2020-07-26,5.5
136,안동(경북),2020-07-27,3.4
136,안동(경북),2020-07-28,17.7
136,안동(경북),2020-07-29,16.6
136,안동(경북),2020-07-30,65.2
277,영덕(경북),2020-06-24,6.1
277,영덕(경북),2020-06-25,1.4
277,영덕(경북),2020-06-28,0.2
277,영덕(경북),2020-06-29,43.9
277,영덕(경북),2020-06-30,68.8
277,영덕(경북),2020-07-01,0.0
277,영덕(경북),2020-07-03,0.1
277,영덕(경북),2020-07-04,3.1
277,영덕(경북),2020-07-06,1.3
277,영덕(경북),2020-07-10,21.2
277,영덕(경북),2020-07-11,0.3
277,영덕(경북),2020-07-12,7.5
277,영덕(경북),2020-07-13,121.6
277,영덕(경북),2020-07-14,1.0
277,영덕(경북),2020-07-15,0.1
277,영덕(경북),2020-07-21,0.3
277,영덕(경북),2020-07-22,15.5
277,영덕(경북),2020-07-23,124.2
277,영덕(경북),2020-07-24,110.3
277,영덕(경북),2020-07-25,19.0
277,영덕(경북),2020-07-26,0.4
277,영덕(경북),2020-07-27,10.8
277,영덕(경북),2020-07-28,16.8
277,영덕(경북),2020-07-29,28.7
277,영덕(경북),2020-07-30,25.3
272,영주(경북),2020-06-24,11.7
272,영주(경북),2020-06-25,1.5
272,영주(경북),2020-06-27,0.0
272,영주(경북),2020-06-29,43.1
272,영주(경북),2020-06-30,50.0
272,영주(경북),2020-07-01,4.5
272,영주(경북),2020-07-03,0.0
272,영주(경북),2020-07-04,1.0
272,영주(경북),2020-07-06,2.2
272,영주(경북),2020-07-10,17.9
272,영주(경북),2020-07-12,11.4
272,영주(경북),2020-07-13,92.9
272,영주(경북),2020-07-14,1.2
272,영주(경북),2020-07-15,3.8
272,영주(경북),2020-07-19,0.2
272,영주(경북),2020-07-20,17.0
272,영주(경북),2020-07-22,32.3
272,영주(경북),2020-07-23,91.9
272,영주(경북),2020-07-24,37.9
272,영주(경북),2020-07-25,3.3
272,영주(경북),2020-07-26,2.1
272,영주(경북),2020-07-27,2.3
272,영주(경북),2020-07-28,12.0
272,영주(경북),2020-07-29,60.4
272,영주(경북),2020-07-30,51.6
281,영천(경북),2020-06-24,6.6
281,영천(경북),2020-06-25,2.3
281,영천(경북),2020-06-29,39.2
281,영천(경북),2020-06-30,4.4
281,영천(경북),2020-07-01,2.3
281,영천(경북),2020-07-03,4.6
281,영천(경북),2020-07-04,0.4
281,영천(경북),2020-07-06,0.0
281,영천(경북),2020-07-10,23.3
281,영천(경북),2020-07-12,24.8
281,영천(경북),2020-07-13,74.9
281,영천(경북),2020-07-14,0.3
281,영천(경북),2020-07-15,3.1
281,영천(경북),2020-07-19,0.0
281,영천(경북),2020-07-20,0.3
281,영천(경북),2020-07-21,5.7
281,영천(경북),2020-07-22,36.8
281,영천(경북),2020-07-23,34.4
281,영천(경북),2020-07-24,15.9
281,영천(경북),2020-07-25,46.2
281,영천(경북),2020-07-26,0.2
281,영천(경북),2020-07-27,24.3
281,영천(경북),2020-07-28,11.0
281,영천(경북),2020-07-29,6.0
281,영천(경북),2020-07-30,24.0
115,울릉도(경북),2020-06-24,3.5
115,울릉도(경북),2020-06-25,32.2
115,울릉도(경북),2020-06-28,1.3
115,울릉도(경북),2020-06-29,0.0
115,울릉도(경북),2020-06-30,61.7
115,울릉도(경북),2020-07-01,51.7
115,울릉도(경북),2020-07-03,0.0
115,울릉도(경북),2020-07-04,3.2
115,울릉도(경북),2020-07-07,0.5
115,울릉도(경북),2020-07-08,0.0
115,울릉도(경북),2020-07-10,83.0
115,울릉도(경북),2020-07-11,4.0
115,울릉도(경북),2020-07-12,0.0
115,울릉도(경북),2020-07-13,37.8
115,울릉도(경북),2020-07-14,40.0
115,울릉도(경북),2020-07-15,0.1
115,울릉도(경북),2020-07-20,0.3
115,울릉도(경북),2020-07-23,1.3
115,울릉도(경북),2020-07-24,53.1
115,울릉도(경북),2020-07-25,13.6
115,울릉도(경북),2020-07-27,2.2
115,울릉도(경북),2020-07-28,3.5
115,울릉도(경북),2020-07-29,13.3
115,울릉도(경북),2020-07-30,0.6
130,울진(경북),2020-06-24,3.1
130,울진(경북),2020-06-25,0.7
130,울진(경북),2020-06-27,0.1
130,울진(경북),2020-06-29,20.4
130,울진(경북),2020-06-30,73.5
130,울진(경북),2020-07-01,1.5
130,울진(경북),2020-07-03,0.3
130,울진(경북),2020-07-04,3.9
130,울진(경북),2020-07-06,15.4
130,울진(경북),2020-07-07,0.0
130,울진(경북),2020-07-10,19.1
130,울진(경북),2020-07-11,0.0
130,울진(경북),2020-07-12,4.4
130,울진(경북),2020-07-13,95.1
130,울진(경북),2020-07-14,9.3
130,울진(경북),2020-07-19,0.0
130,울진(경북),2020-07-20,0.8
130,울진(경북),2020-07-21,0.0
130,울진(경북),2020-07-22,0.3
130,울진(경북),2020-07-23,60.8
130,울진(경북),2020-07-24,178.4
130,울진(경북),2020-07-25,23.5
130,울진(경북),2020-07-26,0.9
130,울진(경북),2020-07-27,3.7
130,울진(경북),2020-07-28,30.1
130,울진(경북),2020-07-29,21.3
130,울진(경북),2020-07-30,13.9
278,의성(경북),2020-06-24,3.8
278,의성(경북),2020-06-25,0.5
278,의성(경북),2020-06-29,39.4
278,의성(경북),2020-06-30,7.0
278,의성(경북),2020-07-01,0.7
278,의성(경북),2020-07-03,2.4
278,의성(경북),2020-07-04,1.6
278,의성(경북),2020-07-06,24.5
278,의성(경북),2020-07-10,21.8
278,의성(경북),2020-07-12,11.4
278,의성(경북),2020-07-13,71.5
278,의성(경북),2020-07-14,1.9
278,의성(경북),2020-07-15,0.1
278,의성(경북),2020-07-19,0.2
278,의성(경북),2020-07-20,6.8
278,의성(경북),2020-07-21,0.0
278,의성(경북),2020-07-22,36.4
278,의성(경북),2020-07-23,52.0
278,의성(경북),2020-07-24,16.9
278,의성(경북),2020-07-25,34.1
278,의성(경북),2020-07-26,3.5
278,의성(경북),2020-07-27,4.7
278,의성(경북),2020-07-28,17.6
278,의성(경북),2020-07-29,14.6
278,의성(경북),2020-07-30,51.1
276,청송군(경북),2020-06-24,4.5
276,청송군(경북),2020-06-25,1.5
276,청송군(경북),2020-06-27,0.0
276,청송군(경북),2020-06-29,28.0
276,청송군(경북),2020-06-30,8.5
276,청송군(경북),2020-07-01,1.0
276,청송군(경북),2020-07-03,1.5
276,청송군(경북),2020-07-04,2.5
276,청송군(경북),2020-07-06,4.5
276,청송군(경북),2020-07-10,21.5
276,청송군(경북),2020-07-12,11.5
276,청송군(경북),2020-07-13,87.0
276,청송군(경북),2020-07-14,0.5
276,청송군(경북),2020-07-15,0.5
276,청송군(경북),2020-07-19,0.0
276,청송군(경북),2020-07-20,1.0
276,청송군(경북),2020-07-21,0.1
276,청송군(경북),2020-07-22,27.0
276,청송군(경북),2020-07-23,71.5
276,청송군(경북),2020-07-24,23.0
276,청송군(경북),2020-07-25,18.0
276,청송군(경북),2020-07-26,6.0
276,청송군(경북),2020-07-27,7.0
276,청송군(경북),2020-07-28,20.5
276,청송군(경북),2020-07-29,21.5
276,청송군(경북),2020-07-30,63.5
159,부산(경남),2020-06-24,19.5
159,부산(경남),2020-06-25,35.3
159,부산(경남),2020-06-29,99.2
159,부산(경남),2020-06-30,5.9
159,부산(경남),2020-07-01,0.0
159,부산(경남),2020-07-03,7.8
159,부산(경남),2020-07-04,0.0
159,부산(경남),2020-07-06,0.8
159,부산(경남),2020-07-07,0.6
159,부산(경남),2020-07-09,2.1
159,부산(경남),2020-07-10,208.7
159,부산(경남),2020-07-12,37.5
159,부산(경남),2020-07-13,100.9
159,부산(경남),2020-07-14,5.2
159,부산(경남),2020-07-15,0.0
159,부산(경남),2020-07-19,0.5
159,부산(경남),2020-07-20,1.1
159,부산(경남),2020-07-21,3.4
159,부산(경남),2020-07-22,105.3
159,부산(경남),2020-07-23,176.2
159,부산(경남),2020-07-24,2.3
159,부산(경남),2020-07-25,1.5
159,부산(경남),2020-07-27,32.1
159,부산(경남),2020-07-28,46.5
159,부산(경남),2020-07-29,14.3
159,부산(경남),2020-07-30,50.0
294,거제(경남),2020-06-24,57.5
294,거제(경남),2020-06-25,33.6
294,거제(경남),2020-06-29,86.6
294,거제(경남),2020-06-30,10.9
294,거제(경남),2020-07-01,0.0
294,거제(경남),2020-07-03,10.0
294,거제(경남),2020-07-06,2.0
294,거제(경남),2020-07-07,0.2
294,거제(경남),2020-07-09,3.3
294,거제(경남),2020-07-10,165.7
294,거제(경남),2020-07-12,57.4
294,거제(경남),2020-07-13,161.6
294,거제(경남),2020-07-14,3.9
294,거제(경남),2020-07-15,0.4
294,거제(경남),2020-07-18,0.0
294,거제(경남),2020-07-19,15.7
294,거제(경남),2020-07-20,3.8
294,거제(경남),2020-07-21,5.1
294,거제(경남),2020-07-22,13.1
294,거제(경남),2020-07-23,102.3
294,거제(경남),2020-07-24,11.6
294,거제(경남),2020-07-25,1.3
294,거제(경남),2020-07-27,59.6
294,거제(경남),2020-07-28,34.4
294,거제(경남),2020-07-29,11.1
294,거제(경남),2020-07-30,10.9
284,거창(경남),2020-06-24,13.9
284,거창(경남),2020-06-25,0.2
284,거창(경남),2020-06-29,40.1
284,거창(경남),2020-06-30,2.9
284,거창(경남),2020-07-01,0.0
284,거창(경남),2020-07-03,9.2
284,거창(경남),2020-07-04,0.0
284,거창(경남),2020-07-06,0.0
284,거창(경남),2020-07-09,1.2
284,거창(경남),2020-07-10,44.6
284,거창(경남),2020-07-11,0.0
284,거창(경남),2020-07-12,63.9
284,거창(경남),2020-07-13,115.8
284,거창(경남),2020-07-14,10.9
284,거창(경남),2020-07-15,8.5
284,거창(경남),2020-07-16,0.6
284,거창(경남),2020-07-19,0.1
284,거창(경남),2020-07-20,7.3
284,거창(경남),2020-07-21,10.1
284,거창(경남),2020-07-22,72.1
284,거창(경남),2020-07-23,65.5
284,거창(경남),2020-07-24,10.7
284,거창(경남),2020-07-25,8.9
284,거창(경남),2020-07-26,0.1
284,거창(경남),2020-07-27,24.0
284,거창(경남),2020-07-28,41.6
284,거창(경남),2020-07-29,19.8
284,거창(경남),2020-07-30,70.8
253,김해시(경남),2020-06-24,24.1
253,김해시(경남),2020-06-25,24.8
253,김해시(경남),2020-06-29,87.7
253,김해시(경남),2020-06-30,8.7
253,김해시(경남),2020-07-01,0.1
253,김해시(경남),2020-07-03,4.2
253,김해시(경남),2020-07-04,0.1
253,김해시(경남),2020-07-06,0.2
253,김해시(경남),2020-07-09,0.4
253,김해시(경남),2020-07-10,107.8
253,김해시(경남),2020-07-12,29.9
253,김해시(경남),2020-07-13,95.5
253,김해시(경남),2020-07-14,1.2
253,김해시(경남),2020-07-15,2.9
253,김해시(경남),2020-07-19,0.1
253,김해시(경남),2020-07-20,1.0
253,김해시(경남),2020-07-21,6.2
253,김해시(경남),2020-07-22,60.0
253,김해시(경남),2020-07-23,87.4
253,김해시(경남),2020-07-24,4.0
253,김해시(경남),2020-07-25,0.3
253,김해시(경남),2020-07-27,40.1
253,김해시(경남),2020-07-28,31.6
253,김해시(경남),2020-07-29,39.9
253,김해시(경남),2020-07-30,22.0
295,남해(경남),2020-06-24,64.4
295,남해(경남),2020-06-25,7.5
295,남해(경남),2020-06-29,81.8
295,남해(경남),2020-06-30,2.9
295,남해(경남),2020-07-03,13.5
295,남해(경남),2020-07-04,0.0
295,남해(경남),2020-07-06,0.7
295,남해(경남),2020-07-09,1.9
295,남해(경남),2020-07-10,92.4
295,남해(경남),2020-07-12,74.4
295,남해(경남),2020-07-13,146.4
295,남해(경남),2020-07-14,2.8
295,남해(경남),2020-07-15,0.7
295,남해(경남),2020-07-18,0.0
295,남해(경남),2020-07-19,9.2
295,남해(경남),2020-07-20,0.9
295,남해(경남),2020-07-21,20.7
295,남해(경남),2020-07-22,25.4
295,남해(경남),2020-07-23,133.9
295,남해(경남),2020-07-24,9.2
295,남해(경남),2020-07-25,0.2
295,남해(경남),2020-07-27,25.3
295,남해(경남),2020-07-28,23.5
295,남해(경남),2020-07-29,42.9
295,남해(경남),2020-07-30,63.0
288,밀양(경남),2020-06-24,16.7
288,밀양(경남),2020-06-25,4.7
288,밀양(경남),2020-06-29,69.5
288,밀양(경남),2020-06-30,3.7
288,밀양(경남),2020-07-01,0.0
288,밀양(경남),2020-07-03,6.3
288,밀양(경남),2020-07-09,0.3
288,밀양(경남),2020-07-10,34.6
288,밀양(경남),2020-07-11,0.0
288,밀양(경남),2020-07-12,36.6
288,밀양(경남),2020-07-13,75.4
288,밀양(경남),2020-07-14,8.5
288,밀양(경남),2020-07-15,5.6
288,밀양(경남),2020-07-16,0.1
288,밀양(경남),2020-07-18,0.0
288,밀양(경남),2020-07-19,0.2
288,밀양(경남),2020-07-20,0.4
288,밀양(경남),2020-07-21,3.7
288,밀양(경남),2020-07-22,53.8
288,밀양(경남),2020-07-23,47.3
288,밀양(경남),2020-07-24,29.5
288,밀양(경남),2020-07-25,8.2
288,밀양(경남),2020-07-26,0.0
288,밀양(경남),2020-07-27,44.6
288,밀양(경남),2020-07-28,13.8
288,밀양(경남),2020-07-29,5.2
288,밀양(경남),2020-07-30,26.7
255,북창원(경남),2020-06-24,24.4
255,북창원(경남),2020-06-25,9.6
255,북창원(경남),2020-06-29,78.0
255,북창원(경남),2020-06-30,8.5
255,북창원(경남),2020-07-01,0.0
255,북창원(경남),2020-07-03,5.2
255,북창원(경남),2020-07-09,2.0
255,북창원(경남),2020-07-10,86.5
255,북창원(경남),2020-07-12,32.0
255,북창원(경남),2020-07-13,77.3
255,북창원(경남),2020-07-14,9.1
255,북창원(경남),2020-07-15,4.1
255,북창원(경남),2020-07-19,2.7
255,북창원(경남),2020-07-20,0.9
255,북창원(경남),2020-07-21,9.6
255,북창원(경남),2020-07-22,69.2
255,북창원(경남),2020-07-23,60.0
255,북창원(경남),2020-07-24,4.3
255,북창원(경남),2020-07-25,1.7
255,북창원(경남),2020-07-27,29.9
255,북창원(경남),2020-07-28,25.0
255,북창원(경남),2020-07-29,25.0
255,북창원(경남),2020-07-30,24.1
289,산청(경남),2020-06-24,7.8
289,산청(경남),2020-06-25,0.0
289,산청(경남),2020-06-29,71.7
289,산청(경남),2020-06-30,1.4
289,산청(경남),2020-07-03,18.2
289,산청(경남),2020-07-04,0.0
289,산청(경남),2020-07-09,7.6
289,산청(경남),2020-07-10,87.5
289,산청(경남),2020-07-12,56.3
289,산청(경남),2020-07-13,109.1
289,산청(경남),2020-07-14,9.0
289,산청(경남),2020-07-15,9.2
289,산청(경남),2020-07-19,0.1
289,산청(경남),2020-07-20,0.7
289,산청(경남),2020-07-21,8.0
289,산청(경남),2020-07-22,114.2
289,산청(경남),2020-07-23,104.5
289,산청(경남),2020-07-24,3.4
289,산청(경남),2020-07-25,9.1
289,산청(경남),2020-07-27,29.0
289,산청(경남),2020-07-28,65.9
289,산청(경남),2020-07-29,12.7
289,산청(경남),2020-07-30,12.0
257,양산시(경남),2020-06-24,17.8
257,양산시(경남),2020-06-25,28.1
257,양산시(경남),2020-06-29,70.4
257,양산시(경남),2020-06-30,5.9
257,양산시(경남),2020-07-03,5.1
257,양산시(경남),2020-07-06,0.0
257,양산시(경남),2020-07-09,1.2
257,양산시(경남),2020-07-10,80.4
257,양산시(경남),2020-07-12,23.7
257,양산시(경남),2020-07-13,83.5
257,양산시(경남),2020-07-14,0.5
257,양산시(경남),2020-07-15,1.0
257,양산시(경남),2020-07-19,0.2
257,양산시(경남),2020-07-20,0.3
257,양산시(경남),2020-07-21,6.2
257,양산시(경남),2020-07-22,82.1
257,양산시(경남),2020-07-23,96.5
257,양산시(경남),2020-07-24,2.1
257,양산시(경남),2020-07-25,1.5
257,양산시(경남),2020-07-27,37.5
257,양산시(경남),2020-07-28,19.1
257,양산시(경남),2020-07-29,16.7
257,양산시(경남),2020-07-30,38.1
152,울산(경남),2020-06-24,9.9
152,울산(경남),2020-06-25,11.7
152,울산(경남),2020-06-29,65.8
152,울산(경남),2020-06-30,44.4
152,울산(경남),2020-07-01,1.2
152,울산(경남),2020-07-03,3.5
152,울산(경남),2020-07-04,0.0
152,울산(경남),2020-07-09,0.4
152,울산(경남),2020-07-10,56.7
152,울산(경남),2020-07-12,26.5
152,울산(경남),2020-07-13,113.7
152,울산(경남),2020-07-14,1.6
152,울산(경남),2020-07-15,0.6
152,울산(경남),2020-07-19,0.2
152,울산(경남),2020-07-20,0.0
152,울산(경남),2020-07-21,2.8
152,울산(경남),2020-07-22,64.4
152,울산(경남),2020-07-23,108.5
152,울산(경남),2020-07-24,10.5
152,울산(경남),2020-07-25,2.4
152,울산(경남),2020-07-27,43.7
152,울산(경남),2020-07-28,33.5
152,울산(경남),2020-07-29,8.0
152,울산(경남),2020-07-30,20.1
263,의령군(경남),2020-06-24,15.5
263,의령군(경남),2020-06-25,2.5
263,의령군(경남),2020-06-29,66.0
263,의령군(경남),2020-06-30,2.0
263,의령군(경남),2020-07-03,11.0
263,의령군(경남),2020-07-06,0.0
263,의령군(경남),2020-07-09,1.5
263,의령군(경남),2020-07-10,63.0
263,의령군(경남),2020-07-12,57.0
263,의령군(경남),2020-07-13,91.0
263,의령군(경남),2020-07-14,20.0
263,의령군(경남),2020-07-15,6.5
263,의령군(경남),2020-07-16,0.5
263,의령군(경남),2020-07-19,3.0
263,의령군(경남),2020-07-20,0.5
263,의령군(경남),2020-07-21,6.5
263,의령군(경남),2020-07-22,47.5
263,의령군(경남),2020-07-23,99.5
263,의령군(경남),2020-07-24,30.0
263,의령군(경남),2020-07-25,2.0
263,의령군(경남),2020-07-26,0.0
263,의령군(경남),2020-07-27,52.0
263,의령군(경남),2020-07-28,14.0
263,의령군(경남),2020-07-29,8.5
263,의령군(경남),2020-07-30,45.0
192,진주(경남),2020-06-24,26.9
192,진주(경남),2020-06-25,2.9
192,진주(경남),2020-06-29,92.6
192,진주(경남),2020-06-30,2.1
192,진주(경남),2020-07-03,10.4
192,진주(경남),2020-07-06,0.0
192,진주(경남),2020-07-09,2.6
192,진주(경남),2020-07-10,62.6
192,진주(경남),2020-07-12,71.0
192,진주(경남),2020-07-13,121.1
192,진주(경남),2020-07-14,7.9
192,진주(경남),2020-07-15,7.5
192,진주(경남),2020-07-19,6.6
192,진주(경남),2020-07-20,0.7
192,진주(경남),2020-07-21,8.3
192,진주(경남),2020-07-22,36.1
192,진주(경남),2020-07-23,102.8
192,진주(경남),2020-07-24,9.3
192,진주(경남),2020-07-25,5.2
192,진주(경남),2020-07-27,41.4
192,진주(경남),2020-07-28,21.9
192,진주(경남),2020-07-29,23.7
192,진주(경남),2020-07-30,48.4
155,창원(경남),2020-06-24,49.9
155,창원(경남),2020-06-25,13.1
155,창원(경남),2020-06-29,98.9
155,창원(경남),2020-06-30,3.3
155,창원(경남),2020-07-01,0.1
155,창원(경남),2020-07-03,5.7
155,창원(경남),2020-07-04,0.9
155,창원(경남),2020-07-06,0.3
155,창원(경남),2020-07-07,0.0
155,창원(경남),2020-07-09,9.5
155,창원(경남),2020-07-10,80.5
155,창원(경남),2020-07-12,38.0
155,창원(경남),2020-07-13,96.7
155,창원(경남),2020-07-14,10.0
155,창원(경남),2020-07-15,4.3
155,창원(경남),2020-07-18,0.0
155,창원(경남),2020-07-19,8.6
155,창원(경남),2020-07-20,1.0
155,창원(경남),2020-07-21,4.9
155,창원(경남),2020-07-22,52.4
155,창원(경남),2020-07-23,77.0
155,창원(경남),2020-07-24,7.7
155,창원(경남),2020-07-25,1.4
155,창원(경남),2020-07-27,34.3
155,창원(경남),2020-07-28,37.1
155,창원(경남),2020-07-29,24.4
155,창원(경남),2020-07-30,29.3
162,통영(경남),2020-06-24,59.6
162,통영(경남),2020-06-25,24.6
162,통영(경남),2020-06-29,87.1
162,통영(경남),2020-06-30,2.5
162,통영(경남),2020-07-03,10.2
162,통영(경남),2020-07-06,1.0
162,통영(경남),2020-07-09,0.6
162,통영(경남),2020-07-10,147.4
162,통영(경남),2020-07-12,47.7
162,통영(경남),2020-07-13,136.9
162,통영(경남),2020-07-14,0.1
162,통영(경남),2020-07-15,1.0
162,통영(경남),2020-07-18,0.0
162,통영(경남),2020-07-19,18.9
162,통영(경남),2020-07-20,0.8
162,통영(경남),2020-07-21,9.1
162,통영(경남),2020-07-22,16.8
162,통영(경남),2020-07-23,81.3
162,통영(경남),2020-07-24,8.4
162,통영(경남),2020-07-25,0.6
162,통영(경남),2020-07-27,29.9
162,통영(경남),2020-07-28,57.6
162,통영(경남),2020-07-29,30.6
162,통영(경남),2020-07-30,8.9
264,함양군(경남),2020-06-24,10.0
264,함양군(경남),2020-06-25,0.5
264,함양군(경남),2020-06-29,42.0
264,함양군(경남),2020-06-30,0.5
264,함양군(경남),2020-07-01,0.2
264,함양군(경남),2020-07-03,12.5
264,함양군(경남),2020-07-06,0.0
264,함양군(경남),2020-07-09,3.5
264,함양군(경남),2020-07-10,50.5
264,함양군(경남),2020-07-12,47.0
264,함양군(경남),2020-07-13,123.0
264,함양군(경남),2020-07-14,11.5
264,함양군(경남),2020-07-15,9.0
264,함양군(경남),2020-07-16,0.5
264,함양군(경남),2020-07-19,0.0
264,함양군(경남),2020-07-20,3.0
264,함양군(경남),2020-07-21,13.5
264,함양군(경남),2020-07-22,62.0
264,함양군(경남),2020-07-23,78.5
264,함양군(경남),2020-07-24,7.0
264,함양군(경남),2020-07-25,15.0
264,함양군(경남),2020-07-26,0.1
264,함양군(경남),2020-07-27,26.5
264,함양군(경남),2020-07-28,47.5
264,함양군(경남),2020-07-29,24.5
264,함양군(경남),2020-07-30,33.0
285,합천(경남),2020-06-24,14.2
285,합천(경남),2020-06-25,1.3
285,합천(경남),2020-06-29,52.0
285,합천(경남),2020-06-30,2.3
285,합천(경남),2020-07-01,0.0
285,합천(경남),2020-07-03,17.6
285,합천(경남),2020-07-06,0.2
285,합천(경남),2020-07-09,1.2
285,합천(경남),2020-07-10,65.0
285,합천(경남),2020-07-12,43.2
285,합천(경남),2020-07-13,97.7
285,합천(경남),2020-07-14,12.2
285,합천(경남),2020-07-15,9.6
285,합천(경남),2020-07-16,1.4
285,합천(경남),2020-07-19,0.0
285,합천(경남),2020-07-20,0.2
285,합천(경남),2020-07-21,6.1
285,합천(경남),2020-07-22,106.9
285,합천(경남),2020-07-23,100.8
285,합천(경남),2020-07-24,10.6
285,합천(경남),2020-07-25,15.5
285,합천(경남),2020-07-26,0.3
285,합천(경남),2020-07-27,29.0
285,합천(경남),2020-07-28,23.9
285,합천(경남),2020-07-29,16.2
285,합천(경남),2020-07-30,13.4
184,제주(제주),2020-06-17,30.9
184,제주(제주),2020-06-18,49.3
184,제주(제주),2020-06-19,11.4
184,제주(제주),2020-06-24,38.3
184,제주(제주),2020-06-25,14.2
184,제주(제주),2020-06-27,0.1
184,제주(제주),2020-06-29,25.1
184,제주(제주),2020-06-30,0.0
184,제주(제주),2020-07-03,17.0
184,제주(제주),2020-07-04,0.4
184,제주(제주),2020-07-06,15.7
184,제주(제주),2020-07-07,35.1
184,제주(제주),2020-07-09,2.0
184,제주(제주),2020-07-10,16.4
184,제주(제주),2020-07-11,0.0
184,제주(제주),2020-07-12,4.3
184,제주(제주),2020-07-13,1.5
184,제주(제주),2020-07-14,0.5
184,제주(제주),2020-07-15,0.0
184,제주(제주),2020-07-16,0.4
184,제주(제주),2020-07-18,0.2
184,제주(제주),2020-07-19,0.0
184,제주(제주),2020-07-20,1.2
184,제주(제주),2020-07-21,4.4
184,제주(제주),2020-07-22,0.0
184,제주(제주),2020-07-23,9.2
184,제주(제주),2020-07-24,2.4
184,제주(제주),2020-07-25,0.0
184,제주(제주),2020-07-27,71.5
184,제주(제주),2020-07-28,2.0
185,고산(제주),2020-06-17,8.8
185,고산(제주),2020-06-18,33.8
185,고산(제주),2020-06-19,0.2
185,고산(제주),2020-06-24,54.4
185,고산(제주),2020-06-25,21.4
185,고산(제주),2020-06-27,1.3
185,고산(제주),2020-06-29,35.1
185,고산(제주),2020-06-30,0.0
185,고산(제주),2020-07-01,0.0
185,고산(제주),2020-07-03,22.7
185,고산(제주),2020-07-04,0.1
185,고산(제주),2020-07-06,49.7
185,고산(제주),2020-07-07,92.4
185,고산(제주),2020-07-09,25.4
185,고산(제주),2020-07-10,2.7
185,고산(제주),2020-07-11,0.0
185,고산(제주),2020-07-12,0.8
185,고산(제주),2020-07-13,0.3
185,고산(제주),2020-07-14,0.1
185,고산(제주),2020-07-15,0.0
185,고산(제주),2020-07-18,2.4
185,고산(제주),2020-07-19,0.3
185,고산(제주),2020-07-20,0.5
185,고산(제주),2020-07-21,3.4
185,고산(제주),2020-07-22,0.1
185,고산(제주),2020-07-23,5.7
185,고산(제주),2020-07-24,0.0
185,고산(제주),2020-07-27,41.1
185,고산(제주),2020-07-28,0.1
189,서귀포(제주),2020-06-17,13.2
189,서귀포(제주),2020-06-18,40.1
189,서귀포(제주),2020-06-19,0.4
189,서귀포(제주),2020-06-24,123.2
189,서귀포(제주),2020-06-25,27.0
189,서귀포(제주),2020-06-27,1.8
189,서귀포(제주),2020-06-29,47.1
189,서귀포(제주),2020-06-30,0.0
189,서귀포(제주),2020-07-03,38.9
189,서귀포(제주),2020-07-04,1.2
189,서귀포(제주),2020-07-05,0.4
189,서귀포(제주),2020-07-06,47.1
189,서귀포(제주),2020-07-07,70.8
189,서귀포(제주),2020-07-09,5.6
189,서귀포(제주),2020-07-10,40.1
189,서귀포(제주),2020-07-11,0.4
189,서귀포(제주),2020-07-12,39.2
189,서귀포(제주),2020-07-13,17.7
189,서귀포(제주),2020-07-14,0.0
189,서귀포(제주),2020-07-15,0.0
189,서귀포(제주),2020-07-18,1.4
189,서귀포(제주),2020-07-19,5.2
189,서귀포(제주),2020-07-20,3.0
189,서귀포(제주),2020-07-21,1.9
189,서귀포(제주),2020-07-22,0.2
189,서귀포(제주),2020-07-23,8.0
189,서귀포(제주),2020-07-24,0.1
189,서귀포(제주),2020-07-25,0.0
189,서귀포(제주),2020-07-27,40.6
189,서귀포(제주),2020-07-28,0.1
188,성산(제주),2020-06-15,0.2
188,성산(제주),2020-06-17,19.5
188,성산(제주),2020-06-18,45.2
188,성산(제주),2020-06-19,14.3
188,성산(제주),2020-06-24,66.8
188,성산(제주),2020-06-25,28.9
188,성산(제주),2020-06-27,1.1
188,성산(제주),2020-06-29,61.6
188,성산(제주),2020-07-03,37.7
188,성산(제주),2020-07-04,0.9
188,성산(제주),2020-07-05,0.9
188,성산(제주),2020-07-06,57.9
188,성산(제주),2020-07-07,71.1
188,성산(제주),2020-07-09,2.4
188,성산(제주),2020-07-10,82.3
188,성산(제주),2020-07-12,52.0
188,성산(제주),2020-07-13,4.2
188,성산(제주),2020-07-14,0.0
188,성산(제주),2020-07-15,0.0
188,성산(제주),2020-07-16,0.0
188,성산(제주),2020-07-18,0.7
188,성산(제주),2020-07-19,1.8
188,성산(제주),2020-07-20,0.1
188,성산(제주),2020-07-21,1.1
188,성산(제주),2020-07-22,4.6
188,성산(제주),2020-07-23,4.6
188,성산(제주),2020-07-24,0.4
188,성산(제주),2020-07-27,49.9
188,성산(제주),2020-07-28,5.0



